name,03/31/2022,12/31/2021,09/30/2021,06/30/2021,03/31/2021,12/31/2020,09/30/2020,06/30/2020,03/31/2020,12/31/2019,09/30/2019,06/30/2019,03/31/2019,12/31/2018,09/30/2018,06/30/2018,03/31/2018,12/31/2017,09/30/2017,06/30/2017,03/31/2017,12/31/2016,09/30/2016,06/30/2016,03/31/2016,12/31/2015,09/30/2015,06/30/2015,03/31/2015,12/31/2014,09/30/2014,06/30/2014,03/31/2014,12/31/2013,09/30/2013,06/30/2013,03/31/2013,12/31/2012,09/30/2012,06/30/2012,03/31/2012,12/31/2011,09/30/2011,06/30/2011,03/31/2011,12/31/2010,09/30/2010,06/30/2010,03/31/2010,12/31/2009,09/30/2009,06/30/2009,03/31/2009,12/31/2008,09/30/2008,06/30/2008,03/31/2008,12/31/2007,09/30/2007,06/30/2007,03/31/2007,12/31/2006,09/30/2006,12/31/2005
TotalAssets,"4,124,800,000","4,130,600,000","4,161,200,000","4,211,900,000","4,167,500,000","4,208,100,000","4,145,900,000","4,100,700,000","4,216,200,000","4,283,700,000","4,293,700,000","4,357,800,000","4,380,300,000","4,337,243,000","912,569,000","906,552,000","938,527,000","920,657,000","926,031,000","911,087,000","877,528,000","869,824,000","620,458,000","617,983,000","635,930,000","632,332,000","658,067,000","666,269,000","665,075,000","684,563,000","694,797,000","738,699,000","734,492,000","735,676,000","608,514,000","600,390,000","614,324,000","633,039,000","632,355,000","632,802,000","640,523,000","629,985,000","635,323,000","643,498,000","609,980,000","508,102,000","505,238,000","479,992,000","477,469,000","465,199,000","490,871,000","494,768,000","510,620,000","513,584,000","574,866,000","582,846,000","596,801,000","580,525,000","584,867,000","592,593,000","389,020,000","409,368,000","374,084,000","297,691,000"
	CurrentAssets,"1,195,100,000","1,167,800,000","822,000,000","830,600,000","780,900,000","748,200,000","743,900,000","716,000,000","836,100,000","667,300,000","696,300,000","710,300,000","716,500,000","703,907,000","370,468,000","357,670,000","369,610,000","358,163,000","367,533,000","364,749,000","349,068,000","344,187,000","283,741,000","276,296,000","288,155,000","287,156,000","303,970,000","307,898,000","308,910,000","310,801,000","316,756,000","357,569,000","350,916,000","349,205,000","307,403,000","298,290,000","309,952,000","323,756,000","322,590,000","335,478,000","336,455,000","330,640,000","332,914,000","333,449,000","341,582,000","242,535,000","239,282,000","217,282,000","209,443,000","193,871,000","220,886,000","221,214,000","238,738,000","238,508,000","261,821,000","262,077,000","272,181,000","253,015,000","237,101,000","246,173,000","175,590,000","194,117,000","150,288,000","115,907,000"
		CashCashEquivalentsAndShortTermInvestments,"183,700,000","246,100,000","256,800,000","277,800,000","249,400,000","254,400,000","238,700,000","220,100,000","326,900,000","167,300,000","168,000,000","153,600,000","152,400,000","168,957,000","50,097,000","38,114,000","46,396,000","51,994,000","53,151,000","58,981,000","52,937,000","69,118,000","39,765,000","34,330,000","44,843,000","50,320,000","49,649,000","42,277,000","47,426,000","47,503,000","42,994,000","69,168,000","61,849,000","63,604,000","70,272,000","61,507,000","66,171,000","85,154,000","88,136,000","95,235,000","79,946,000","92,515,000","90,261,000","90,487,000","145,522,000","72,723,000","72,161,000","58,203,000","53,566,000","51,497,000","71,940,000","63,644,000","61,403,000","52,073,000","49,822,000","43,232,000","58,962,000","45,807,000","30,037,000","34,376,000","11,588,000","42,527,000","5,760,000","10,060,000"
			CashAndCashEquivalents,"183,700,000","246,100,000","256,800,000","277,800,000","249,400,000","254,400,000","238,700,000","220,100,000","326,900,000","167,300,000","168,000,000","153,600,000","152,400,000","168,957,000","50,097,000","38,114,000","46,396,000","51,994,000","53,151,000","58,981,000","52,937,000","69,118,000","39,765,000","34,330,000","44,843,000","50,320,000","49,649,000","42,277,000","47,426,000","47,503,000","42,994,000","69,168,000","61,849,000","63,604,000","70,272,000","61,507,000","66,171,000","85,154,000","88,136,000","95,235,000","79,946,000","92,515,000","90,261,000","90,487,000","145,522,000","72,723,000","72,161,000","58,203,000","53,566,000","51,497,000","71,940,000","63,644,000","61,403,000","52,073,000","49,822,000","43,232,000","58,962,000","45,807,000","30,037,000","34,376,000","11,588,000","42,527,000","5,760,000","10,060,000"
				CashFinancial,,"246,100,000",,,"249,400,000","254,400,000",,,,,,,,,,,,,,,,,,,,,,,,,,,,,,,,,,,,,,,,,,,,,,,,,,,,,,,,,,
		Receivables,"279,800,000","236,200,000","273,400,000","274,200,000","268,300,000","247,700,000","250,600,000","237,000,000","247,500,000","248,400,000","266,800,000","284,600,000","290,300,000","269,987,000","141,411,000","148,251,000","155,666,000","142,133,000","144,333,000","144,214,000","135,332,000","120,926,000","107,315,000","104,690,000","106,348,000","99,866,000","108,034,000","121,129,000","116,323,000","112,705,000","119,790,000","128,166,000","122,496,000","114,116,000","100,640,000","100,605,000","103,813,000","99,330,000","97,526,000","106,045,000","114,648,000","99,158,000","109,589,000","112,207,000","90,406,000","71,529,000","72,124,000","69,239,000","68,610,000","57,609,000","58,605,000","62,267,000","71,060,000","68,803,000","86,631,000","92,672,000","90,371,000","90,348,000","86,634,000","92,706,000","74,246,000","61,506,000","64,555,000","46,441,000"
			AccountsReceivable,"269,600,000","224,500,000","251,700,000","258,900,000","259,000,000","240,800,000","237,000,000","230,600,000","242,900,000","243,200,000","244,300,000","269,600,000","281,800,000","259,815,000","139,863,000","146,419,000","150,794,000","135,499,000","136,511,000","137,797,000","132,618,000","120,319,000","104,671,000","103,271,000","103,869,000","94,720,000","104,400,000","117,334,000","113,047,000","106,458,000","117,872,000","125,412,000","120,673,000","109,084,000","99,773,000","99,218,000","103,103,000","92,933,000","94,513,000","101,823,000","110,451,000","91,859,000","103,718,000","108,373,000","87,042,000","67,403,000","72,124,000","69,128,000","65,829,000","52,855,000","58,605,000","62,267,000","71,060,000","68,803,000","86,631,000","92,672,000","90,371,000","73,248,000","86,634,000","92,706,000","74,246,000","61,506,000","64,555,000","46,441,000"
				GrossAccountsReceivable,"273,800,000","228,600,000","256,000,000","263,100,000","263,600,000","245,700,000","242,700,000","236,300,000","248,200,000","248,300,000","249,600,000","275,100,000","287,000,000","265,443,000","144,408,000","151,221,000","155,609,000","140,041,000","141,990,000","143,174,000","135,811,000","123,433,000","106,821,000","105,641,000","106,137,000","96,885,000","106,481,000","119,889,000","115,547,000","108,760,000","120,674,000","128,173,000","123,152,000","111,329,000","102,545,000","101,800,000","105,816,000","95,493,000","96,407,000","103,290,000","111,751,000","92,951,000","105,786,000","109,666,000",,,,,,,,,,,,,,,,,,,,
				AllowanceForDoubtfulAccountsReceivable,"-4,200,000","-4,100,000","-4,300,000","-4,200,000","-4,600,000","-4,900,000","-5,700,000","-5,700,000","-5,300,000","-5,100,000","-5,300,000","-5,500,000","-5,200,000","-5,628,000","-4,545,000","-4,802,000","-4,815,000","-4,542,000","-5,479,000","-5,377,000","-3,193,000","-3,114,000","-2,150,000","-2,370,000","-2,268,000","-2,165,000","-2,081,000","-2,555,000","-2,500,000","-2,302,000","-2,802,000","-2,761,000","-2,479,000","-2,245,000","-2,772,000","-2,582,000","-2,713,000","-2,560,000","-1,894,000","-1,467,000","-1,300,000","-1,092,000","-2,068,000","-1,293,000",,,,,,,,,,,,,,,,,,,,
			TaxesReceivable,"10,200,000","11,700,000","21,700,000","15,300,000","9,300,000","6,900,000","13,600,000","6,400,000","4,600,000","5,200,000","22,500,000","15,000,000","8,500,000","10,172,000","1,548,000","1,832,000","4,872,000","6,634,000","7,822,000","6,417,000","2,714,000","607,000","2,644,000","1,419,000","2,479,000","5,146,000","3,634,000","3,795,000","3,276,000","6,247,000","1,918,000","2,754,000","1,823,000","5,032,000","867,000","1,387,000","710,000","6,397,000","3,013,000","4,222,000","4,197,000","7,299,000","5,871,000","3,834,000","3,364,000","4,126,000","0","111,000","2,781,000","4,754,000",,,,,,,,,,,,,,
			OtherReceivables,,,,,,,,,,,,,,,,,,,,,,,,,,,,,,,,,,,,,,,,,,,,,,,,,,,,,,,,,,"17,100,000",,,,,,
		Inventory,"308,300,000","267,800,000","257,000,000","238,200,000","222,700,000","210,400,000","219,200,000","223,100,000","229,400,000","222,500,000","230,300,000","237,500,000","241,000,000","231,172,000","157,049,000","149,592,000","148,684,000","145,611,000","153,014,000","142,696,000","139,444,000","139,840,000","121,443,000","120,567,000","119,434,000","121,156,000","126,036,000","126,956,000","127,598,000","132,736,000","135,383,000","136,301,000","139,727,000","143,665,000","120,571,000","119,881,000","123,034,000","123,776,000","124,336,000","120,973,000","127,112,000","125,970,000","123,539,000","119,630,000","92,851,000","88,217,000","80,299,000","74,221,000","72,847,000","71,853,000","72,255,000","79,387,000","89,762,000","98,410,000","106,374,000","104,963,000","102,104,000","101,835,000","107,641,000","106,418,000","76,911,000","75,769,000","73,691,000","54,654,000"
			RawMaterials,"160,800,000","124,100,000","128,600,000","114,600,000","103,400,000","95,200,000","102,000,000","105,300,000","109,300,000","104,200,000","106,100,000","115,100,000","112,800,000","102,996,000","55,317,000","51,669,000","53,548,000","49,351,000","50,976,000","43,636,000","44,623,000","45,507,000","35,758,000","35,395,000","35,720,000","34,169,000","35,196,000","37,580,000","37,182,000","36,814,000","40,545,000","42,200,000","52,703,000","56,824,000","36,230,000","36,383,000","39,604,000","39,902,000","45,788,000","44,178,000","46,974,000","45,664,000","46,000,000","48,676,000","34,744,000","32,826,000","31,625,000","30,468,000","30,630,000","28,539,000","28,946,000","28,331,000","30,483,000","31,925,000","35,674,000","36,104,000","36,165,000","33,601,000","35,946,000","40,291,000","30,474,000","29,962,000","28,432,000","22,512,000"
			WorkInProcess,"29,900,000","26,700,000","25,700,000","24,700,000","23,400,000","22,100,000","23,000,000","22,700,000","23,600,000","22,400,000","24,300,000","26,500,000","27,500,000","23,449,000","20,310,000","20,037,000","23,860,000","22,914,000","24,359,000","23,529,000","21,933,000","20,128,000","11,915,000","12,536,000","12,465,000","12,864,000","14,170,000","13,994,000","14,348,000","13,641,000","16,352,000","18,909,000","18,953,000","18,432,000","18,743,000","19,597,000","21,337,000","21,199,000","23,187,000","21,706,000","22,849,000","23,838,000","25,976,000","25,788,000","18,278,000","16,223,000","15,203,000","14,143,000","13,950,000","13,711,000","14,891,000","16,174,000","19,328,000","21,310,000","22,932,000","22,416,000","21,273,000","20,376,000","24,299,000","28,279,000","18,963,000","19,112,000","19,038,000","13,876,000"
			FinishedGoods,"117,600,000","117,000,000","102,700,000","98,900,000","95,900,000","93,100,000","94,200,000","95,100,000","96,500,000","95,900,000","99,900,000","95,900,000","100,700,000","104,727,000","81,422,000","77,886,000","71,276,000","73,346,000","77,679,000","75,531,000","72,888,000","74,205,000","73,770,000","72,636,000","71,249,000","74,123,000","76,670,000","75,382,000","76,068,000","82,281,000","78,486,000","75,192,000","68,071,000","68,409,000","65,598,000","63,901,000","62,093,000","62,675,000","55,361,000","55,089,000","57,289,000","56,468,000","51,563,000","45,166,000","39,829,000","39,168,000","33,471,000","29,610,000","28,267,000","29,603,000","28,418,000","34,882,000","39,951,000","45,175,000","47,769,000","46,443,000","44,666,000","47,858,000","47,396,000","51,048,000","37,571,000","36,858,000","35,819,000","25,109,000"
			OtherInventories,,,,,,,,,,,,,,,,,,,,,,,,,,,,,,,,,,,,,,,,,,,,,,,,,,,,,,,"-1,000",,,,,,,,,
			InventoriesAdjustmentsAllowances,,,,,,,,,,,,,,,,,,,,,,,,,,,,,,,,,,,,,,,,,,,,,,,,,,,,,,,,,,,,"-13,200,000","-10,097,000","-10,163,000","-9,598,000","-6,843,000"
		PrepaidAssets,"40,300,000","40,400,000","34,800,000","40,400,000","40,500,000","35,700,000","35,400,000","35,800,000","32,300,000","29,100,000","31,200,000","34,600,000","32,800,000","33,095,000","21,215,000","21,012,000","17,745,000","17,344,000","16,671,000","14,891,000","17,448,000","10,429,000","10,486,000","11,981,000","12,704,000","11,217,000","11,089,000","8,400,000","8,445,000","8,617,000","8,195,000","14,192,000","17,108,000","18,066,000","6,274,000","6,709,000","7,317,000","6,578,000","6,752,000","7,376,000","8,893,000","7,141,000","5,091,000","6,712,000","6,905,000","4,168,000","3,940,000","4,762,000","5,155,000","3,647,000","10,054,000","8,212,000","7,517,000","6,514,000","5,871,000","7,845,000","7,364,000","5,578,000","5,767,000","5,668,000","5,930,000","7,532,000","3,895,000","1,973,000"
		CurrentDeferredAssets,,,,,,,,,,,,,,,,,,,,,,,,,,,"9,162,000","9,136,000","9,118,000","9,240,000","9,821,000","9,742,000","9,736,000","9,754,000","9,646,000","9,588,000","9,617,000","8,918,000","5,840,000","5,849,000","5,856,000","5,856,000","4,434,000","4,413,000","4,414,000","4,414,000","9,274,000","9,265,000","9,265,000","9,265,000","8,032,000","7,704,000","7,835,000","8,032,000","8,447,000","8,689,000","8,704,000","8,286,000","7,022,000","7,005,000","6,915,000","6,783,000","2,387,000","2,779,000"
			CurrentDeferredTaxesAssets,,,,,,,,,,,,,,,,,,,,,,,,,,,"9,162,000","9,136,000","9,118,000","9,240,000","9,821,000","9,742,000","9,736,000","9,754,000","9,646,000","9,588,000","9,617,000","8,918,000","5,840,000","5,849,000","5,856,000","5,856,000","4,434,000","4,413,000","4,414,000","4,414,000","9,274,000","9,265,000","9,265,000","9,265,000","8,032,000","7,704,000","7,835,000","8,032,000","8,447,000","8,689,000","8,704,000","8,286,000","7,022,000","7,005,000","6,915,000","6,783,000","2,387,000","2,779,000"
		AssetsHeldForSaleCurrent,"383,000,000","377,300,000",,,,,,,,"0","0","0","0","696,000","696,000","701,000","1,119,000","1,081,000","364,000","3,967,000","3,907,000","3,874,000","4,732,000","4,728,000","4,826,000","4,597,000",,,,,"573,000",,,,,,,,,,,"0","0","0","1,484,000",,,,,,,,,,,,,,,,,,,
		OtherCurrentAssets,,,,,,,,,,,,,,,,,,,,,,,,,,,,,,,,,,,,,,,,,,,,,"1,484,000","1,484,000","1,484,000","1,592,000",,,,,"1,161,000","4,676,000","4,676,000","4,676,000","4,676,000","1,161,000",,,,,,
	TotalNonCurrentAssets,"2,929,700,000","2,962,800,000","3,339,200,000","3,381,300,000","3,386,600,000","3,459,900,000","3,402,000,000","3,384,700,000","3,380,100,000","3,616,400,000","3,597,400,000","3,647,500,000","3,663,800,000","3,633,336,000","542,101,000","548,882,000","568,917,000","562,494,000","558,498,000","546,338,000","528,460,000","525,637,000","336,717,000","341,687,000","347,775,000","345,176,000","354,097,000","358,371,000","356,165,000","373,762,000","378,041,000","381,130,000","383,576,000","386,471,000","301,111,000","302,100,000","304,372,000","309,283,000","309,765,000","297,324,000","304,068,000","299,345,000","302,409,000","310,049,000","268,398,000","265,567,000","265,956,000","262,710,000","268,026,000","271,328,000","269,985,000","273,554,000","271,882,000","275,076,000","313,045,000","320,769,000","324,620,000","327,510,000","347,766,000","346,420,000","213,430,000","215,251,000","223,796,000","181,784,000"
		NetPPE,"323,400,000","325,800,000","360,800,000","366,900,000","370,600,000","385,200,000","376,500,000","381,100,000","383,600,000","391,000,000","390,200,000","401,200,000","403,800,000","364,433,000","187,800,000","189,328,000","194,293,000","191,918,000","190,455,000","185,034,000","178,504,000","177,043,000","142,748,000","145,569,000","147,526,000","145,413,000","152,760,000","153,536,000","151,694,000","156,366,000","152,776,000","155,905,000","156,134,000","157,535,000","136,196,000","136,377,000","137,008,000","138,094,000","136,645,000","129,835,000","128,424,000","123,464,000","122,650,000","125,572,000","105,551,000","105,298,000","104,268,000","102,118,000","104,584,000","105,603,000","107,769,000","109,897,000","109,693,000","110,220,000","111,677,000","113,745,000","114,965,000","116,610,000","116,668,000","116,380,000","81,387,000","82,387,000","81,511,000","66,393,000"
			GrossPPE,"323,400,000","651,300,000","360,800,000","366,900,000","370,600,000","702,100,000","376,500,000","381,100,000","383,600,000","653,800,000","390,200,000","401,200,000","403,800,000","577,732,000",,,,"379,288,000",,,,"337,117,000",,,,"291,198,000",,,,"292,247,000",,,,"281,074,000",,,,"243,316,000",,,,"211,897,000",,,,"178,577,000",,,,"167,197,000",,,,"154,698,000","145,665,000","147,733,000","148,953,000","150,598,000","135,595,000","135,307,000","100,314,000","101,314,000","89,912,000","74,794,000"
				Properties,,"0",,,,"0",,,,"0",,,,"0",,,,"0",,,,"0",,,,"0",,,,"0",,,,"0",,,,"0",,,,"0",,,,"0",,,,"0",,,,"0",,,,"0",,,,"0",,"0"
				LandAndImprovements,,"40,600,000",,,,"44,600,000",,,,"42,700,000",,,,"43,366,000",,,,"31,228,000",,,,"28,098,000",,,,"22,403,000",,,,"26,560,000",,,,"20,803,000",,,,"13,565,000",,,,"13,025,000",,,,"13,037,000",,,,"13,363,000",,,,"12,923,000",,,,"13,993,000",,,,"9,599,000",,"7,892,000"
				BuildingsAndImprovements,,"141,300,000",,,,"149,700,000",,,,"141,300,000",,,,"137,242,000",,,,"79,468,000",,,,"69,350,000",,,,"46,269,000",,,,"44,791,000",,,,"53,078,000",,,,"38,942,000",,,,"36,877,000",,,,"34,302,000",,,,"35,030,000",,,,"31,597,000",,,,"33,927,000",,,,"19,849,000",,"16,500,000"
				MachineryFurnitureEquipment,,"419,400,000",,,,"466,800,000",,,,"433,200,000",,,,"397,124,000",,,,"268,592,000",,,,"239,669,000",,,,"222,526,000",,,,"220,896,000",,,,"207,193,000",,,,"190,809,000",,,,"161,995,000",,,,"131,238,000",,,,"118,804,000",,,,"110,178,000",,,,"102,678,000",,,,"71,866,000",,"50,402,000"
				OtherProperties,"323,400,000","50,000,000","360,800,000","366,900,000","370,600,000","41,000,000","376,500,000","381,100,000","383,600,000","36,600,000","390,200,000","401,200,000","403,800,000",,,,,,,,,,,,,,,,,,,,,,,,,,,,,,,,,,,,,,,,,,,,,,,,,,,
			AccumulatedDepreciation,,"-325,500,000",,,,"-316,900,000",,,,"-262,800,000",,,,"-213,299,000",,,,"-187,370,000",,,,"-160,074,000",,,,"-145,785,000",,,,"-135,881,000",,,,"-123,539,000",,,,"-105,222,000",,,,"-88,433,000",,,,"-73,279,000",,,,"-61,594,000",,,,"-44,478,000","-33,988,000","-33,988,000","-33,988,000","-33,988,000","-18,927,000","-18,927,000","-18,927,000","-18,927,000","-8,401,000","-8,401,000"
		GoodwillAndOtherIntangibleAssets,"2,592,200,000","2,621,200,000","2,963,400,000","2,999,100,000","3,000,500,000","3,055,600,000","3,015,300,000","2,993,400,000","2,986,000,000","3,197,300,000","3,166,100,000","3,232,600,000","3,243,400,000","3,248,069,000","350,503,000","354,931,000","370,489,000","365,653,000","364,513,000","357,752,000","346,234,000","343,524,000","188,283,000","190,263,000","194,109,000","193,378,000","197,794,000","200,894,000","200,330,000","212,817,000","220,183,000","220,080,000","221,865,000","223,107,000","159,252,000","159,087,000","160,791,000","164,323,000","163,432,000","156,585,000","160,848,000","160,907,000","164,422,000","167,841,000","146,558,000","146,147,000","149,839,000","148,755,000","151,416,000","153,737,000","155,402,000","156,423,000","154,556,000","156,836,000","196,574,000","201,831,000","203,710,000","203,922,000","222,222,000","220,616,000","125,349,000","125,059,000","135,501,000","110,096,000"
			Goodwill,"1,556,200,000","1,564,000,000","1,574,400,000","1,585,100,000","1,575,300,000","1,596,000,000","1,563,400,000","1,543,000,000","1,528,300,000","1,694,900,000","1,658,700,000","1,686,100,000","1,683,500,000","1,662,341,000","202,114,000","203,292,000","209,722,000","206,040,000","203,574,000","198,986,000","192,861,000","188,841,000","97,775,000","97,766,000","98,490,000","97,309,000","98,314,000","99,014,000","97,751,000","102,087,000","104,653,000","105,847,000","105,217,000","104,339,000","88,115,000","87,173,000","87,232,000","88,225,000","85,027,000","83,257,000","84,597,000","83,799,000","84,862,000","85,072,000","77,938,000","76,897,000","78,947,000","77,493,000","78,644,000","78,832,000","78,955,000","78,518,000","76,932,000","77,497,000","112,932,000","115,352,000","115,535,000","114,979,000","122,694,000","121,493,000","66,539,000","65,397,000","78,036,000","65,345,000"
			OtherIntangibleAssets,"1,036,000,000","1,057,200,000","1,389,000,000","1,414,000,000","1,425,200,000","1,459,600,000","1,451,900,000","1,450,400,000","1,457,700,000","1,502,400,000","1,507,400,000","1,546,500,000","1,559,900,000","1,585,728,000","148,389,000","151,639,000","160,767,000","159,613,000","160,939,000","158,766,000","153,373,000","154,683,000","90,508,000","92,497,000","95,619,000","96,069,000","99,480,000","101,880,000","102,579,000","110,730,000","115,530,000","114,233,000","116,648,000","118,768,000","71,137,000","71,914,000","73,559,000","76,098,000","78,405,000","73,328,000","76,251,000","77,108,000","79,560,000","82,769,000","68,620,000","69,250,000","70,892,000","71,262,000","72,772,000","74,905,000","76,447,000","77,905,000","77,624,000","79,339,000","83,642,000","86,479,000","88,175,000","88,943,000","99,528,000","99,123,000","58,810,000","59,662,000","57,465,000","44,751,000"
		NonCurrentDeferredAssets,"1,200,000","2,300,000","2,400,000","2,500,000","2,500,000","4,900,000","1,000,000","1,000,000","1,000,000","3,000,000","900,000","900,000","3,300,000","4,931,000","1,542,000","1,592,000","1,669,000","2,608,000","1,383,000","1,363,000","1,333,000","2,510,000","3,197,000","3,199,000","3,292,000","3,201,000","902,000","935,000","934,000","987,000","894,000","925,000","926,000","934,000","1,173,000","1,042,000","1,114,000","1,150,000","1,497,000","1,557,000","1,649,000","1,614,000","89,000","78,000","82,000","82,000","650,000","679,000","679,000","679,000","495,000","463,000","461,000","495,000","151,000","141,000","145,000","231,000","2,380,000","2,283,000","2,138,000","2,135,000",,
			NonCurrentDeferredTaxesAssets,"1,200,000","2,300,000","2,400,000","2,500,000","2,500,000","4,900,000","1,000,000","1,000,000","1,000,000","3,000,000","900,000","900,000","3,300,000","4,931,000","1,542,000","1,592,000","1,669,000","2,608,000","1,383,000","1,363,000","1,333,000","2,510,000","3,197,000","3,199,000","3,292,000","3,201,000","902,000","935,000","934,000","987,000","894,000","925,000","926,000","934,000","1,173,000","1,042,000","1,114,000","1,150,000","1,497,000","1,557,000","1,649,000","1,614,000","89,000","78,000","82,000","82,000","650,000","679,000","679,000","679,000","495,000","463,000","461,000","495,000","151,000","141,000","145,000","231,000","2,380,000","2,283,000","2,138,000","2,135,000",,
		OtherNonCurrentAssets,"12,900,000","13,500,000","12,600,000","12,800,000","13,000,000","14,200,000","9,200,000","9,200,000","9,500,000","25,100,000","40,200,000","12,800,000","13,300,000","15,903,000","2,256,000","3,031,000","2,466,000","2,315,000","2,147,000","2,189,000","2,389,000","2,560,000","2,489,000","2,656,000","2,848,000","3,184,000","2,641,000","3,006,000","3,207,000","3,592,000","4,188,000","4,220,000","4,651,000","4,895,000","4,490,000","5,594,000","5,459,000","5,716,000","8,191,000","9,347,000","13,147,000","13,360,000","15,248,000","16,558,000","16,207,000","14,040,000","11,199,000","11,158,000","11,347,000","11,309,000","6,319,000","6,771,000","7,172,000","7,525,000","4,643,000","5,052,000","5,800,000","6,747,000","6,496,000","7,141,000","4,556,000","5,670,000","6,784,000","5,295,000"
TotalLiabilitiesNetMinorityInterest,"2,117,800,000","2,145,500,000","2,092,800,000","2,155,200,000","2,175,700,000","2,211,400,000","2,250,100,000","2,292,200,000","2,459,100,000","2,361,400,000","2,426,200,000","2,473,400,000","2,507,900,000","2,489,047,000","495,409,000","493,660,000","525,563,000","523,952,000","542,466,000","542,308,000","530,081,000","586,476,000","369,583,000","367,993,000","385,359,000","389,765,000","409,995,000","413,654,000","420,354,000","425,804,000","426,455,000","451,578,000","455,808,000","466,343,000","349,604,000","355,049,000","378,618,000","401,027,000","391,244,000","406,607,000","415,601,000","421,589,000","425,085,000","437,598,000","413,808,000","343,350,000","343,619,000","336,815,000","336,173,000","326,256,000","350,590,000","356,409,000","381,903,000","384,719,000","404,231,000","414,661,000","438,417,000","434,093,000","438,994,000","453,898,000","305,393,000","329,952,000","334,979,000","272,740,000"
	CurrentLiabilities,"412,100,000","416,500,000","377,000,000","362,400,000","355,400,000","360,600,000","319,600,000","315,000,000","337,600,000","339,700,000","333,200,000","334,400,000","347,000,000","337,110,000","158,195,000","138,872,000","143,116,000","142,492,000","136,789,000","132,427,000","128,166,000","171,623,000","104,998,000","103,021,000","97,814,000","104,349,000","121,088,000","117,965,000","115,068,000","119,628,000","125,421,000","139,029,000","142,094,000","140,073,000","113,915,000","104,683,000","105,470,000","105,900,000","99,848,000","116,111,000","99,193,000","102,106,000","107,894,000","108,832,000","87,734,000","86,892,000","95,134,000","83,394,000","79,360,000","67,859,000","72,691,000","64,636,000","76,163,000","79,717,000","99,922,000","92,288,000","99,672,000","91,384,000","93,491,000","81,519,000","68,993,000","71,926,000","69,952,000","63,044,000"
		PayablesAndAccruedExpenses,"331,700,000","338,100,000","347,500,000","331,700,000","326,200,000","330,700,000","290,400,000","285,000,000","307,600,000","308,200,000","300,600,000","300,900,000","313,900,000","319,922,000","156,889,000","137,508,000","141,686,000","142,108,000","136,409,000","132,056,000","127,826,000","127,933,000","104,598,000","102,313,000","95,851,000","101,162,000","108,253,000","104,036,000","99,202,000","104,332,000","110,845,000","120,159,000","124,265,000","123,105,000","101,115,000","92,800,000","94,566,000","96,731,000","77,908,000","75,927,000","80,882,000","81,566,000","85,268,000","88,343,000","84,298,000","83,440,000","84,691,000","50,390,000","71,044,000","59,525,000","64,790,000","56,677,000","68,207,000","69,420,000","88,007,000","80,809,000","84,799,000","80,657,000","84,113,000","75,619,000","64,113,000","64,618,000","68,194,000","62,825,000"
			Payables,"192,100,000","179,300,000","183,800,000","183,800,000","188,000,000","181,500,000","149,900,000","152,000,000","172,900,000","167,900,000","157,800,000","165,900,000","181,600,000","183,332,000","72,581,000","71,967,000","72,311,000","77,096,000","68,511,000","65,191,000","67,934,000","61,551,000","45,736,000","47,668,000","40,317,000","43,860,000","48,713,000","50,036,000","50,519,000","47,487,000","48,002,000","60,239,000","65,639,000","64,143,000","47,454,000","45,177,000","46,747,000","43,042,000","41,495,000","43,184,000","47,349,000","52,768,000","50,636,000","49,829,000","43,659,000","40,812,000","36,826,000","36,879,000","35,772,000","27,421,000","25,819,000","24,466,000","30,606,000","33,890,000","42,893,000","42,941,000","42,780,000","41,668,000","40,406,000","41,641,000","36,312,000","34,053,000","34,567,000","30,724,000"
				AccountsPayable,"179,000,000","173,300,000","177,400,000","178,200,000","172,700,000","163,600,000","139,900,000","140,100,000","154,400,000","154,700,000","149,200,000","156,500,000","172,300,000","175,790,000","61,466,000","62,935,000","62,363,000","68,014,000","59,624,000","57,451,000","60,942,000","60,845,000","41,845,000","44,647,000","37,258,000","40,297,000","46,565,000","47,486,000","47,491,000","44,298,000","43,914,000","53,339,000","52,452,000","51,180,000","47,454,000","45,177,000","46,747,000","43,042,000","41,495,000","43,184,000","47,349,000","52,768,000","50,636,000","49,829,000","43,659,000","40,812,000","36,826,000","36,879,000","35,772,000","27,421,000","25,819,000","24,466,000","30,606,000","33,890,000","42,893,000","42,941,000","42,780,000","41,668,000","40,406,000","41,641,000","36,312,000","34,053,000","34,567,000","30,724,000"
				TotalTaxPayable,"13,100,000","6,000,000","6,400,000","5,600,000","15,300,000","17,900,000","10,000,000","11,900,000","18,500,000","13,200,000","8,600,000","9,400,000","9,300,000","7,542,000","11,115,000","9,032,000","9,948,000","9,082,000","8,887,000","7,740,000","6,992,000","706,000","3,891,000","3,021,000","3,059,000","3,563,000","2,148,000","2,550,000","3,028,000","3,189,000","4,088,000","6,900,000","13,187,000","12,963,000",,,,,,,,,,,,,,,,,,,,,,,,,,,,,,
					IncomeTaxPayable,"13,100,000","6,000,000","6,400,000","5,600,000","15,300,000","17,900,000","10,000,000","11,900,000","18,500,000","13,200,000","8,600,000","9,400,000","9,300,000","7,542,000","11,115,000","9,032,000","9,948,000","9,082,000","8,887,000","7,740,000","6,992,000","706,000","3,891,000","3,021,000","3,059,000","3,563,000","2,148,000","2,550,000","3,028,000","3,189,000","4,088,000","6,900,000","13,187,000","12,963,000",,,,,,,,,,,,,,,,,,,,,,,,,,,,,,
			CurrentAccruedExpenses,"139,600,000","158,800,000","163,700,000","147,900,000","138,200,000","149,200,000","140,500,000","133,000,000","134,700,000","140,300,000","142,800,000","135,000,000","132,300,000","136,590,000","84,308,000","65,541,000","69,375,000","65,012,000","67,898,000","66,865,000","59,892,000","66,382,000","58,862,000","54,645,000","55,534,000","57,302,000","59,540,000","54,000,000","48,683,000","56,845,000","62,843,000","59,920,000","58,626,000","58,962,000","53,661,000","47,623,000","47,819,000","53,689,000","36,413,000","32,743,000","33,533,000","28,798,000","34,632,000","38,514,000","40,639,000","42,628,000","47,865,000","13,511,000","35,272,000","32,104,000","38,971,000","32,211,000","37,601,000","35,530,000","45,114,000","37,868,000","42,019,000","38,989,000","43,707,000","33,978,000","27,801,000","30,565,000","33,627,000","32,101,000"
		PensionandOtherPostRetirementBenefitPlansCurrent,,,,,,,,,,,,,,,,,,,,,,,,,,,,,,,,,,,,,,,"20,841,000","18,593,000","17,079,000","19,734,000","21,741,000","19,477,000",,,,,,,,,,,,,,,,,,,,
		CurrentDebtAndCapitalLeaseObligation,"27,300,000","25,400,000","29,500,000","30,700,000","29,200,000","29,900,000","29,200,000","30,000,000","30,000,000","31,500,000","32,600,000","33,500,000","33,100,000","17,188,000","1,306,000","1,364,000","1,430,000","384,000","380,000","371,000","340,000","43,690,000","400,000","708,000","1,963,000","3,187,000","12,713,000","13,804,000","15,743,000","15,176,000","14,532,000","18,824,000","17,784,000","16,924,000","12,800,000","11,883,000","10,904,000","9,135,000","997,000","21,475,000","1,109,000","688,000","824,000","958,000","3,377,000","3,393,000","3,356,000","3,307,000","1,041,000","1,059,000","995,000","1,053,000","1,050,000","3,391,000","3,343,000","3,419,000","3,372,000","2,667,000","2,433,000","948,000","834,000","573,000","1,476,000","186,000"
			CurrentDebt,"13,200,000","11,100,000","16,800,000","18,000,000","16,600,000","16,600,000","16,500,000","17,000,000","17,200,000","18,000,000","18,700,000","19,200,000","18,200,000","17,188,000","1,306,000","1,364,000","1,430,000","384,000","380,000","371,000","340,000","43,690,000","400,000","708,000","1,963,000","3,187,000","12,713,000","13,804,000","15,743,000","15,176,000","14,532,000","18,824,000","17,784,000","16,924,000","12,800,000","11,883,000","10,904,000","9,135,000","997,000","21,475,000","1,109,000","688,000","824,000","958,000","3,377,000","3,393,000","3,356,000","3,307,000","1,041,000","1,059,000","995,000","1,053,000","1,050,000","3,391,000","3,343,000","3,419,000","3,372,000","2,667,000","2,433,000","948,000","834,000","573,000","1,476,000","186,000"
				OtherCurrentBorrowings,"13,200,000","11,100,000","16,800,000","18,000,000","16,600,000","16,600,000","16,500,000","17,000,000","17,200,000","18,000,000","18,700,000","19,200,000","18,200,000",,,,,,,,,,,,,,,,,,,,,,,,,,,,,,,,,,,,,,,,,,,,,,,,,,,
			CurrentCapitalLeaseObligation,"14,100,000","14,300,000","12,700,000","12,700,000","12,600,000","13,300,000","12,700,000","13,000,000","12,800,000","13,500,000","13,900,000","14,300,000","14,900,000",,,,,,,,,,,,,,,,,,,,,,,,,,,,,,,,,,,,,,,,,,,,,,,,,,,
		CurrentDeferredLiabilities,,,,,,,,,,,,,,,,,,,,,,,,,,"3,563,000","122,000","125,000","123,000","120,000","44,000","46,000","45,000","44,000","0","0","0","34,000","102,000","116,000","123,000","118,000","61,000","54,000","59,000","59,000","7,087,000","7,275,000","7,275,000","7,275,000","6,906,000","6,906,000","6,906,000","6,906,000","8,060,000","8,060,000","8,060,000","8,060,000","1,382,000","1,382,000","1,382,000","1,382,000","282,000","33,000"
			CurrentDeferredTaxesLiabilities,,,,,,,,,,,,,,,,,,,,,,,,,,"3,563,000","122,000","125,000","123,000","120,000","44,000","46,000","45,000","44,000","0","0","0","34,000","102,000","116,000","123,000","118,000","61,000","54,000","59,000","59,000","7,087,000","7,275,000","7,275,000","7,275,000","6,906,000","6,906,000","6,906,000","6,906,000","8,060,000","8,060,000","8,060,000","8,060,000","1,382,000","1,382,000","1,382,000","1,382,000","282,000","33,000"
		OtherCurrentLiabilities,"53,100,000","53,000,000",,,,,,,,,,,,,,,,,,,,,,,,,,,,,,,,,,,,,,,,,,,,,,"22,422,000",,,,,,,"512,000",,"3,441,000",,"5,563,000","3,570,000","2,664,000","5,353,000",,
	TotalNonCurrentLiabilitiesNetMinorityInterest,"1,705,700,000","1,729,000,000","1,715,800,000","1,792,800,000","1,820,300,000","1,850,800,000","1,930,500,000","1,977,200,000","2,121,500,000","2,021,700,000","2,093,000,000","2,139,000,000","2,160,900,000","2,151,937,000","337,214,000","354,788,000","382,447,000","381,460,000","405,677,000","409,881,000","401,915,000","414,853,000","264,585,000","264,972,000","287,545,000","285,416,000","288,907,000","295,689,000","305,286,000","306,176,000","301,034,000","312,549,000","313,714,000","326,270,000","235,689,000","250,366,000","273,148,000","295,127,000","291,396,000","290,496,000","316,408,000","319,483,000","317,191,000","328,766,000","326,074,000","256,458,000","248,485,000","253,421,000","256,813,000","258,397,000","277,899,000","291,773,000","305,740,000","305,002,000","304,309,000","322,373,000","338,745,000","342,709,000","345,503,000","372,379,000","236,400,000","258,026,000","265,027,000","209,696,000"
		LongTermDebtAndCapitalLeaseObligation,"1,425,500,000","1,438,600,000","1,314,800,000","1,386,100,000","1,415,100,000","1,437,900,000","1,506,100,000","1,566,000,000","1,687,500,000","1,588,500,000","1,629,100,000","1,670,200,000","1,706,700,000","1,690,898,000","255,161,000","260,024,000","278,282,000","275,587,000","295,223,000","308,009,000","317,649,000","325,969,000","209,754,000","210,470,000","232,839,000","231,568,000","227,189,000","233,857,000","241,901,000","240,576,000","237,062,000","247,964,000","249,147,000","261,348,000","181,085,000","195,372,000","217,143,000","238,460,000","241,614,000","240,194,000","260,512,000","263,361,000","266,417,000","274,476,000","273,824,000","213,109,000","213,183,000","213,140,000","216,093,000","216,490,000","231,633,000","246,308,000","260,164,000","258,132,000","259,423,000","272,351,000","287,676,000","291,399,000","295,401,000","321,341,000","207,413,000","228,555,000","227,851,000","173,574,000"
			LongTermDebt,"1,390,700,000","1,401,000,000","1,289,700,000","1,359,300,000","1,388,300,000","1,408,100,000","1,476,900,000","1,535,600,000","1,658,500,000","1,563,800,000","1,602,800,000","1,642,500,000","1,676,600,000","1,690,898,000","255,161,000","260,024,000","278,282,000","275,587,000","295,223,000","308,009,000","317,649,000","325,969,000","209,754,000","210,470,000","232,839,000","231,568,000","227,189,000","233,857,000","241,901,000","240,576,000","237,062,000","247,964,000","249,147,000","261,348,000","181,085,000","195,372,000","217,143,000","238,460,000","241,614,000","240,194,000","260,512,000","263,361,000","266,417,000","274,476,000","273,824,000","213,109,000","213,183,000","213,140,000","216,093,000","216,490,000","231,633,000","246,308,000","260,164,000","258,132,000","259,423,000","272,351,000","287,676,000","291,399,000","295,401,000","321,341,000","207,413,000","228,555,000","227,851,000","173,574,000"
			LongTermCapitalLeaseObligation,"34,800,000","37,600,000","25,100,000","26,800,000","26,800,000","29,800,000","29,200,000","30,400,000","29,000,000","24,700,000","26,300,000","27,700,000","30,100,000",,,,,,,,,,,,,,,,,,,,,,,,,,,,,,,,,,,,,,,,,,,,,,,,,,,
		NonCurrentDeferredLiabilities,"243,200,000","250,500,000","354,100,000","355,400,000","354,100,000","359,600,000","374,000,000","368,200,000","357,400,000","369,100,000","394,600,000","401,200,000","399,100,000","393,217,000","49,929,000","50,214,000","52,342,000","52,250,000","57,471,000","56,132,000","52,767,000","61,084,000","44,299,000","44,302,000","44,527,000","44,185,000","51,893,000","52,255,000","51,916,000","53,226,000","53,822,000","53,882,000","53,868,000","53,813,000","39,444,000","39,172,000","39,374,000","38,821,000","36,269,000","36,157,000","35,916,000","35,798,000","31,287,000","29,987,000","29,532,000","20,558,000","17,169,000","21,115,000","30,426,000","30,712,000","23,318,000","22,945,000","23,160,000","23,336,000","24,443,000","24,910,000","24,964,000","24,490,000","30,077,000","30,034,000","7,191,000","7,130,000","11,136,000","7,653,000"
			NonCurrentDeferredTaxesLiabilities,"243,200,000","250,500,000","354,100,000","355,400,000","354,100,000","359,600,000","374,000,000","368,200,000","357,400,000","369,100,000","394,600,000","401,200,000","399,100,000","393,217,000","49,929,000","50,214,000","52,342,000","52,250,000","57,471,000","56,132,000","52,767,000","61,084,000","44,299,000","44,302,000","44,527,000","44,185,000","51,893,000","52,255,000","51,916,000","53,226,000","53,822,000","53,882,000","53,868,000","53,813,000","39,444,000","39,172,000","39,374,000","38,821,000","36,269,000","36,157,000","35,916,000","35,798,000","31,287,000","29,987,000","29,532,000","20,558,000","17,169,000","21,115,000","30,426,000","30,712,000","23,318,000","22,945,000","23,160,000","23,336,000","24,443,000","24,910,000","24,964,000","24,490,000","30,077,000","30,034,000","7,191,000","7,130,000","11,136,000","7,653,000"
		TradeandOtherPayablesNonCurrent,"1,800,000","2,700,000","2,700,000","2,700,000","2,700,000","3,600,000","2,700,000","2,700,000","2,700,000","4,500,000","4,500,000","4,500,000","4,500,000","5,418,000","5,418,000","5,418,000","5,419,000","6,322,000",,,,,"670,000","662,000","655,000","647,000","650,000","643,000","636,000","629,000","762,000","753,000","755,000","1,038,000","1,155,000","1,143,000","1,130,000","1,118,000","1,303,000","1,288,000","6,324,000","6,227,000","6,749,000","11,283,000","11,013,000",,,,,,,,,,,,,,,,,,,
		EmployeeBenefits,"29,400,000","29,900,000","32,600,000","34,000,000","33,500,000","35,400,000","31,400,000","30,500,000","30,100,000","30,800,000","31,800,000","32,900,000","32,100,000","31,976,000","24,520,000","24,390,000","25,749,000","25,038,000","27,269,000","26,288,000","24,474,000","23,691,000","9,171,000","8,839,000","8,835,000","8,328,000","8,474,000","8,173,000","9,306,000","9,993,000","7,565,000","7,873,000","7,890,000","8,025,000","12,244,000","12,760,000","13,584,000","14,759,000","11,467,000","12,183,000","12,951,000","13,192,000","11,754,000","12,015,000","10,827,000","11,031,000","8,358,000","8,799,000","9,206,000","10,267,000","11,793,000","11,868,000","12,353,000",,,,,,,,,,,
			NonCurrentPensionAndOtherPostretirementBenefitPlans,"29,400,000","29,900,000","32,600,000","34,000,000","33,500,000","35,400,000","31,400,000","30,500,000","30,100,000","30,800,000","31,800,000","32,900,000","32,100,000","31,976,000","24,520,000","24,390,000","25,749,000","25,038,000","27,269,000","26,288,000","24,474,000","23,691,000","9,171,000","8,839,000","8,835,000","8,328,000","8,474,000","8,173,000","9,306,000","9,993,000","7,565,000","7,873,000","7,890,000","8,025,000","12,244,000","12,760,000","13,584,000","14,759,000","11,467,000","12,183,000","12,951,000","13,192,000","11,754,000","12,015,000","10,827,000","11,031,000","8,358,000","8,799,000","9,206,000","10,267,000","11,793,000","11,868,000","12,353,000",,,,,,,,,,,
		PreferredSecuritiesOutsideStockEquity,,,,,,,,,,,,,,,,,,,,,,,,,,,"0","0","719,000","883,000","979,000","1,084,000","1,028,000","991,000","1,041,000","1,205,000","1,218,000","1,239,000",,,,,,,,,,,,,,,,,,,,,,,,,,
		OtherNonCurrentLiabilities,"5,800,000","7,300,000","11,600,000","14,600,000","14,900,000","14,300,000","16,300,000","9,800,000","43,800,000","28,800,000","33,000,000","30,200,000","18,500,000","30,428,000","2,186,000","14,742,000","20,655,000","22,263,000","25,714,000","19,452,000","7,025,000","4,109,000","691,000","699,000","689,000","688,000","701,000","761,000","808,000","869,000","844,000","993,000","1,026,000","1,055,000","720,000","714,000","699,000","730,000","743,000","674,000","705,000","905,000","984,000","1,005,000","878,000","11,760,000","9,775,000","10,367,000","1,088,000","928,000","11,155,000","10,652,000","10,063,000","23,534,000","20,443,000","25,112,000","26,105,000","26,820,000","20,025,000","21,004,000","21,796,000","22,341,000","26,040,000","28,469,000"
TotalEquityGrossMinorityInterest,"2,007,000,000","1,985,100,000","2,068,400,000","2,056,700,000","1,991,800,000","1,996,700,000","1,895,800,000","1,808,500,000","1,757,100,000","1,922,300,000","1,867,500,000","1,884,400,000","1,872,400,000","1,848,196,000","417,160,000","412,892,000","412,964,000","396,705,000","383,565,000","368,779,000","347,447,000","283,348,000","250,875,000","249,990,000","250,571,000","242,567,000","248,072,000","252,615,000","244,721,000","258,759,000","268,342,000","287,121,000","278,684,000","269,333,000","258,910,000","245,341,000","235,706,000","232,012,000","241,111,000","226,195,000","224,922,000","208,396,000","210,238,000","205,900,000","196,172,000","164,752,000","161,619,000","143,177,000","141,296,000","138,943,000","140,281,000","138,359,000","128,717,000","128,865,000","170,635,000","168,185,000","158,384,000","146,432,000","145,873,000","138,695,000","83,627,000","79,416,000","39,105,000","24,951,000"
	StockholdersEquity,"2,007,000,000","1,985,100,000","2,068,400,000","2,056,700,000","1,991,800,000","1,996,700,000","1,895,800,000","1,808,500,000","1,757,100,000","1,922,300,000","1,867,500,000","1,884,400,000","1,872,400,000","1,848,196,000","417,160,000","412,892,000","412,964,000","396,705,000","383,565,000","368,779,000","347,447,000","283,348,000","250,875,000","249,990,000","250,571,000","242,567,000","248,072,000","252,615,000","244,721,000","258,759,000","268,342,000","287,121,000","278,684,000","269,333,000","258,910,000","245,341,000","235,706,000","232,012,000","239,813,000","226,195,000","224,922,000","208,396,000","210,238,000","205,900,000","196,172,000","164,752,000","161,619,000","143,177,000","141,296,000","138,943,000","140,281,000","138,359,000","128,717,000","128,865,000","170,635,000","168,185,000","158,384,000","146,432,000","145,873,000","138,695,000","83,627,000","79,416,000","39,105,000","24,951,000"
		CapitalStock,"100,000","100,000","100,000","100,000","100,000","100,000","100,000","100,000","100,000","100,000","100,000","100,000","100,000","64,000","29,000","29,000","29,000","29,000","29,000","29,000","29,000","27,000","26,000","26,000","26,000","26,000","26,000","26,000","26,000","26,000","27,000","27,000","27,000","27,000","27,000","27,000","27,000","27,000","27,000","27,000","27,000","27,000","26,000","26,000","26,000","26,000","26,000","26,000","26,000","26,000","26,000","26,000","26,000","26,000","26,000","25,000","25,000","25,000","25,000","25,000","22,000","21,000","35,500,000","35,500,000"
			PreferredStock,,,,,,,,,,,,,,,,,,,,,,,,,,,,,,,,,,,,,,,,,,"0",,,,,,,,"0",,,,,,,,,,,,,"35,500,000","35,500,000"
			CommonStock,"100,000","100,000","100,000","100,000","100,000","100,000","100,000","100,000","100,000","100,000","100,000","100,000","100,000","64,000","29,000","29,000","29,000","29,000","29,000","29,000","29,000","27,000","26,000","26,000","26,000","26,000","26,000","26,000","26,000","26,000","27,000","27,000","27,000","27,000","27,000","27,000","27,000","27,000","27,000","27,000","27,000","27,000","26,000","26,000","26,000","26,000","26,000","26,000","26,000","26,000","26,000","26,000","26,000","26,000","26,000","25,000","25,000","25,000","25,000","25,000","22,000","21,000","0","0"
		AdditionalPaidInCapital,"1,718,200,000","1,718,400,000","1,713,700,000","1,712,600,000","1,706,400,000","1,706,000,000","1,703,100,000","1,701,800,000","1,698,100,000","1,696,700,000","1,693,300,000","1,691,800,000","1,688,500,000","1,687,121,000","224,316,000","224,526,000","223,149,000","223,336,000","222,605,000","222,913,000","221,736,000","168,299,000","122,203,000","122,651,000","123,747,000","124,834,000","127,074,000","133,391,000","135,511,000","139,087,000","142,841,000","153,262,000","155,213,000","154,471,000","153,419,000","153,955,000","153,037,000","152,188,000","151,562,000","151,720,000","150,967,000","150,234,000","149,007,000","149,800,000","149,139,000","133,861,000","133,368,000","133,384,000","132,812,000","132,552,000","131,618,000","131,191,000","130,581,000","129,604,000","129,169,000","128,675,000","128,069,000","127,653,000","126,739,000","126,514,000","77,091,000","76,907,000","552,000","113,000"
		RetainedEarnings,"317,200,000","277,600,000","370,500,000","340,300,000","304,800,000","269,500,000","242,300,000","206,700,000","187,700,000","315,400,000","289,300,000","274,500,000","256,700,000","232,604,000","248,534,000","241,249,000","227,198,000","223,204,000","215,766,000","207,439,000","197,038,000","191,108,000","193,344,000","191,907,000","186,441,000","181,539,000","179,322,000","173,010,000","167,281,000","161,061,000","155,198,000","151,444,000","141,889,000","133,231,000","128,722,000","120,906,000","112,928,000","103,200,000","110,160,000","102,989,000","93,727,000","83,211,000","77,315,000","65,176,000","56,258,000","45,536,000","40,163,000","33,589,000","26,750,000","21,011,000","23,625,000","22,977,000","24,743,000","23,325,000","44,068,000","35,260,000","25,391,000","16,831,000","18,270,000","13,960,000","9,139,000","5,552,000","7,304,000","-5,851,000"
		GainsLossesNotAffectingRetainedEarnings,"-28,500,000","-11,000,000","-15,900,000","3,700,000","-19,500,000","21,100,000","-49,700,000","-100,100,000","-128,800,000","-89,900,000","-115,200,000","-82,000,000","-72,900,000","-71,593,000","-55,719,000","-52,912,000","-37,412,000","-49,864,000","-54,835,000","-61,602,000","-71,356,000","-76,086,000","-64,698,000","-64,594,000","-59,643,000","-63,832,000","-58,350,000","-53,812,000","-58,097,000","-41,415,000","-29,724,000","-17,612,000","-18,445,000","-18,396,000","-23,258,000","-29,547,000","-30,286,000","-23,403,000","-21,936,000","-28,541,000","-19,799,000","-25,076,000","-16,110,000","-9,102,000","-9,251,000","-14,671,000","-11,938,000","-23,822,000","-18,292,000","-14,646,000","-14,988,000","-15,835,000","-26,633,000","-24,090,000","-2,628,000","4,225,000","4,899,000","1,923,000","839,000","-1,804,000","-2,625,000","-3,064,000","-4,251,000","-4,811,000"
			ForeignCurrencyTranslationAdjustments,,,,,,,,,,,,,,,,,,,,,,,,,,,,,,,,,,,,,,,,,,,,,,,,,,,,,,"-24,644,000",,,,"-669,000",,,,"-5,174,000","-2,829,000","-3,389,000"
			OtherEquityAdjustments,,,,,,,,,,,,,,,,,,,,,,,,,,,,,,,,,,,,,,,,,,,,,,,,,,,,,,"554,000",,,,"2,592,000",,,,"2,110,000","-1,422,000","-1,422,000"
	MinorityInterest,,,,,,,,,,,,,,,,,,,,,,,,,,,,,,,,,,,,,,,"1,298,000",,,,,,,,,,,,,,,,,,,,,,,,,
TotalCapitalization,"3,397,700,000","3,386,100,000","3,358,100,000","3,416,000,000","3,380,100,000","3,404,800,000","3,372,700,000","3,344,100,000","3,415,600,000","3,486,100,000","3,470,300,000","3,526,900,000","3,549,000,000","3,539,094,000","672,321,000","672,916,000","691,246,000","672,292,000","678,788,000","676,788,000","665,096,000","609,317,000","460,629,000","460,460,000","483,410,000","474,135,000","475,261,000","486,472,000","486,622,000","499,335,000","505,404,000","535,085,000","527,831,000","530,681,000","439,995,000","440,713,000","452,849,000","470,472,000","481,427,000","466,389,000","485,434,000","471,757,000","476,655,000","480,376,000","469,996,000","377,861,000","374,802,000","356,317,000","357,389,000","355,433,000","371,914,000","384,667,000","388,881,000","386,997,000","430,058,000","440,536,000","446,060,000","437,831,000","441,274,000","460,036,000","291,040,000","307,971,000","266,956,000","198,525,000"
PreferredStockEquity,,,,,,,,,,,,,,,,,,,,,,,,,,,,,,,,,,,,,,,,,,,,,,,,,,,,,,,,,,,,,,,"35,500,000","35,500,000"
CommonStockEquity,"2,007,000,000","1,985,100,000","2,068,400,000","2,056,700,000","1,991,800,000","1,996,700,000","1,895,800,000","1,808,500,000","1,757,100,000","1,922,300,000","1,867,500,000","1,884,400,000","1,872,400,000","1,848,196,000","417,160,000","412,892,000","412,964,000","396,705,000","383,565,000","368,779,000","347,447,000","283,348,000","250,875,000","249,990,000","250,571,000","242,567,000","248,072,000","252,615,000","244,721,000","258,759,000","268,342,000","287,121,000","278,684,000","269,333,000","258,910,000","245,341,000","235,706,000","232,012,000","239,813,000","226,195,000","224,922,000","208,396,000","210,238,000","205,900,000","196,172,000","164,752,000","161,619,000","143,177,000","141,296,000","138,943,000","140,281,000","138,359,000","128,717,000","128,865,000","170,635,000","168,185,000","158,384,000","146,432,000","145,873,000","138,695,000","83,627,000","79,416,000","3,605,000","-10,549,000"
CapitalLeaseObligations,"48,900,000","51,900,000","37,800,000","39,500,000","39,400,000","43,100,000","41,900,000","43,400,000","41,800,000","38,200,000","40,200,000","42,000,000","45,000,000",,,,,,,,,,,,,,,,,,,,,,,,,,,,,,,,,,,,,,,,,,,,,,,,,,,
NetTangibleAssets,"-585,200,000","-636,100,000","-895,000,000","-942,400,000","-1,008,700,000","-1,058,900,000","-1,119,500,000","-1,184,900,000","-1,228,900,000","-1,275,000,000","-1,298,600,000","-1,348,200,000","-1,371,000,000","-1,399,873,000","66,657,000","57,961,000","42,475,000","31,052,000","19,052,000","11,027,000","1,213,000","-60,176,000","62,592,000","59,727,000","56,462,000","49,189,000","50,278,000","51,721,000","44,391,000","45,942,000","48,159,000","67,041,000","56,819,000","46,226,000","99,658,000","86,254,000","74,915,000","67,689,000","76,381,000","69,610,000","64,074,000","47,489,000","45,816,000","38,059,000","49,614,000","18,605,000","11,780,000","-5,578,000","-10,120,000","-14,794,000","-15,121,000","-18,064,000","-25,839,000","-27,971,000","-25,939,000","-33,646,000","-45,326,000","-57,490,000","-76,349,000","-81,921,000","-41,722,000","-45,643,000","-96,396,000","-85,145,000"
WorkingCapital,"783,000,000","751,300,000","445,000,000","468,200,000","425,500,000","387,600,000","424,300,000","401,000,000","498,500,000","327,600,000","363,100,000","375,900,000","369,500,000","366,797,000","212,273,000","218,798,000","226,494,000","215,671,000","230,744,000","232,322,000","220,902,000","172,564,000","178,743,000","173,275,000","190,341,000","182,807,000","182,882,000","189,933,000","193,842,000","191,173,000","191,335,000","218,540,000","208,822,000","209,132,000","193,488,000","193,607,000","204,482,000","217,856,000","222,742,000","219,367,000","237,262,000","228,534,000","225,020,000","224,617,000","253,848,000","155,643,000","144,148,000","133,888,000","130,083,000","126,012,000","148,195,000","156,578,000","162,575,000","158,791,000","161,899,000","169,789,000","172,509,000","161,631,000","143,610,000","164,654,000","106,597,000","122,191,000","80,336,000","52,863,000"
InvestedCapital,"3,410,900,000","3,397,200,000","3,374,900,000","3,434,000,000","3,396,700,000","3,421,400,000","3,389,200,000","3,361,100,000","3,432,800,000","3,504,100,000","3,489,000,000","3,546,100,000","3,567,200,000","3,556,282,000","673,627,000","674,280,000","692,676,000","672,676,000","679,168,000","677,159,000","665,436,000","653,007,000","461,029,000","461,168,000","485,373,000","477,322,000","487,974,000","500,276,000","502,365,000","514,511,000","519,936,000","553,909,000","545,615,000","547,605,000","452,795,000","452,596,000","463,753,000","479,607,000","482,424,000","487,864,000","486,543,000","472,445,000","477,479,000","481,334,000","473,373,000","381,254,000","378,158,000","359,624,000","358,430,000","356,492,000","372,909,000","385,720,000","389,931,000","390,388,000","433,401,000","443,955,000","449,432,000","440,498,000","443,707,000","460,984,000","291,874,000","308,544,000","232,932,000","163,211,000"
TangibleBookValue,"-585,200,000","-636,100,000","-895,000,000","-942,400,000","-1,008,700,000","-1,058,900,000","-1,119,500,000","-1,184,900,000","-1,228,900,000","-1,275,000,000","-1,298,600,000","-1,348,200,000","-1,371,000,000","-1,399,873,000","66,657,000","57,961,000","42,475,000","31,052,000","19,052,000","11,027,000","1,213,000","-60,176,000","62,592,000","59,727,000","56,462,000","49,189,000","50,278,000","51,721,000","44,391,000","45,942,000","48,159,000","67,041,000","56,819,000","46,226,000","99,658,000","86,254,000","74,915,000","67,689,000","76,381,000","69,610,000","64,074,000","47,489,000","45,816,000","38,059,000","49,614,000","18,605,000","11,780,000","-5,578,000","-10,120,000","-14,794,000","-15,121,000","-18,064,000","-25,839,000","-27,971,000","-25,939,000","-33,646,000","-45,326,000","-57,490,000","-76,349,000","-81,921,000","-41,722,000","-45,643,000","-131,896,000","-120,645,000"
TotalDebt,"1,452,800,000","1,464,000,000","1,344,300,000","1,416,800,000","1,444,300,000","1,467,800,000","1,535,300,000","1,596,000,000","1,717,500,000","1,620,000,000","1,661,700,000","1,703,700,000","1,739,800,000","1,708,086,000","256,467,000","261,388,000","279,712,000","275,971,000","295,603,000","308,380,000","317,989,000","369,659,000","210,154,000","211,178,000","234,802,000","234,755,000","239,902,000","247,661,000","257,644,000","255,752,000","251,594,000","266,788,000","266,931,000","278,272,000","193,885,000","207,255,000","228,047,000","247,595,000","242,611,000","261,669,000","261,621,000","264,049,000","267,241,000","275,434,000","277,201,000","216,502,000","216,539,000","216,447,000","217,134,000","217,549,000","232,628,000","247,361,000","261,214,000","261,523,000","262,766,000","275,770,000","291,048,000","294,066,000","297,834,000","322,289,000","208,247,000","229,128,000","229,327,000","173,760,000"
NetDebt,"1,220,200,000","1,166,000,000","1,049,700,000","1,099,500,000","1,155,500,000","1,170,300,000","1,254,700,000","1,332,500,000","1,348,800,000","1,414,500,000","1,453,500,000","1,508,100,000","1,542,400,000","1,539,129,000","206,370,000","223,274,000","233,316,000","223,977,000","242,452,000","249,399,000","265,052,000","300,541,000","170,389,000","176,848,000","189,959,000","184,435,000","190,253,000","205,384,000","210,218,000","208,249,000","208,600,000","197,620,000","205,082,000","214,668,000","123,613,000","145,748,000","161,876,000","162,441,000","154,475,000","166,434,000","181,675,000","171,534,000","176,980,000","184,947,000","131,679,000","143,779,000","144,378,000","158,244,000","163,568,000","166,052,000","160,688,000","183,717,000","199,811,000","209,450,000","212,944,000","232,538,000","232,086,000","248,259,000","267,797,000","287,913,000","196,659,000","186,601,000","223,567,000","163,700,000"
ShareIssued,"65,059,097","64,923,539","64,915,615","64,847,119","64,770,540","64,676,567","64,665,347","64,575,115","64,564,526","64,222,603","64,500,000","64,300,000","64,300,000","64,186,308","29,167,951","29,107,811","29,103,205","29,058,117","29,054,378","28,996,039","28,985,171","27,206,162","25,684,806","25,619,692","25,693,961","25,772,507","25,881,867","26,075,793","26,194,280","26,353,755","26,515,072","26,761,559","26,836,964","26,819,795","26,817,671","26,743,598","26,742,429","26,724,349","26,718,610","26,620,698","26,620,293","26,600,056","26,596,145","26,495,025","26,495,049","26,466,216","26,454,292","26,363,117","26,362,684","26,057,993","25,994,723","25,932,321","25,932,775","25,582,543","25,514,877","25,476,884","25,476,884","25,128,873","25,076,205","25,076,205","21,897,710","23,087,591","23,087,591","23,087,591"
OrdinarySharesNumber,"65,059,097","64,923,539","64,915,615","64,847,119","64,770,540","64,676,567","64,665,347","64,575,115","64,564,526","64,222,603","64,500,000","64,300,000","64,300,000","64,186,308","29,167,951","29,107,811","29,103,205","29,058,117","29,054,378","28,996,039","28,985,171","27,206,162","25,684,806","25,619,692","25,693,961","25,772,507","25,881,867","26,075,793","26,194,280","26,353,755","26,515,072","26,761,559","26,836,964","26,819,795","26,817,671","26,743,598","26,742,429","26,724,349","26,718,610","26,620,698","26,620,293","26,600,056","26,596,145","26,495,025","26,495,049","26,466,216","26,454,292","26,363,117","26,362,684","26,057,993","25,994,723","25,932,321","25,932,775","25,582,543","25,514,877","25,476,884","25,476,884","25,128,873","25,076,205","25,076,205","21,897,710","23,087,591","23,087,591","23,087,591"