name,ttm,03/31/2022,12/31/2021,09/30/2021,06/30/2021,03/31/2021,12/31/2020,09/30/2020,06/30/2020,03/31/2020,12/31/2019,09/30/2019,06/30/2019,03/31/2019,12/31/2018,09/30/2018,06/30/2018,03/31/2018,12/31/2017,09/30/2017,06/30/2017,03/31/2017,12/31/2016,09/30/2016,06/30/2016,03/31/2016,12/31/2015,09/30/2015,06/30/2015,03/31/2015,12/31/2014,09/30/2014,06/30/2014,03/31/2014,12/31/2013,09/30/2013,06/30/2013,03/31/2013,12/31/2012,09/30/2012,06/30/2012,03/31/2012,12/31/2011,09/30/2011,06/30/2011,03/31/2011,12/31/2010,09/30/2010,06/30/2010,03/31/2010,12/31/2009,09/30/2009,06/30/2009,03/31/2009,12/31/2008,09/30/2008,06/30/2008,03/31/2008,12/31/2007,09/30/2007,06/30/2007,03/31/2007,12/31/2006,09/30/2006,06/30/2006,03/31/2006,12/31/2005,06/30/2005,03/31/2005
OperatingCashFlow,"40,311,000","49,465,000","20,778,000","77,971,000","-107,903,000","-124,341,000","-22,374,000","-91,012,000","74,199,000","-98,621,000","145,198,000","14,193,000","102,815,000","-47,680,000","66,848,000","54,559,000","60,842,000","5,026,000","75,519,000","92,307,000","29,909,000","-50,147,000","120,136,000","101,392,000","72,595,000","16,170,000","172,687,000","71,787,000","44,737,000","9,722,000","159,568,000","108,329,000","52,481,000","28,045,000","163,517,000","147,248,000","70,601,000","33,274,000","129,232,000","65,716,000","64,812,000","95,378,000","165,562,000","155,224,000","156,969,000","39,463,000","156,083,000","196,197,000","61,833,000","111,104,000","171,382,000","130,231,000","90,717,000","48,934,000","156,135,000","201,370,000","190,926,000","55,193,000","254,922,000","194,614,000","158,445,000","86,449,000","152,096,000","156,422,000","149,879,000","80,144,000","510,088,000","97,144,000","70,145,000"
	CashFlowFromContinuingOperatingActivities,"40,311,000","49,465,000","20,778,000","77,971,000","-107,903,000","-124,341,000","-22,374,000","-91,012,000","74,199,000","-98,621,000","145,198,000","14,193,000","102,815,000","-47,680,000","66,848,000","54,559,000","60,842,000","5,026,000","75,519,000","92,307,000","29,909,000","-50,147,000","120,136,000","101,392,000","72,595,000","16,170,000","172,687,000","71,787,000","44,737,000","9,722,000","159,568,000","108,329,000","52,481,000","28,045,000","163,517,000","147,248,000","70,601,000","33,274,000","129,232,000","65,716,000","64,812,000","95,378,000","165,562,000","155,224,000","156,969,000","39,463,000","156,083,000","196,197,000","61,833,000","111,104,000","171,382,000","130,231,000","90,717,000","48,934,000","156,135,000","201,370,000","190,926,000","55,193,000","254,922,000","194,614,000","158,445,000","86,449,000","152,096,000","156,422,000","149,879,000","80,144,000",,"97,144,000","70,145,000"
		NetIncomeFromContinuingOperations,"-189,393,000","-89,729,000","65,525,000","-40,788,000","-124,401,000","-333,456,000","-32,556,000","-135,844,000","-142,603,000","-289,223,000","31,551,000","-212,369,000","-11,405,000","-169,554,000","31,332,000","-58,396,000","-44,433,000","-131,348,000","-542,973,000","-55,402,000","1,854,000","-30,996,000","108,341,000","-23,742,000","-61,242,000","141,076,000","-32,439,000","-15,202,000","9,286,000","-32,953,000","51,944,000","1,420,000","60,124,000","-96,369,000","19,103,000","11,990,000","18,730,000","-74,149,000","-139,494,000","24,825,000","652,000","-45,193,000","29,613,000","9,786,000",,,"6,748,000","-31,882,000","-2,504,000","-48,779,000","-57,768,000","-34,051,000","-689,361,000","-91,355,000","-3,029,451,000","9,115,000","80,347,000","88,906,000","106,593,000","54,716,000","68,597,000","16,084,000","65,059,000","31,833,000","48,047,000","8,133,000",,"17,512,000","-5,892,000"
		OperatingGainsLosses,"50,282,000","-5,155,000","-480,000","9,494,000","46,351,000","45,670,000","-11,920,000","-225,000","-72,585,000","24,216,000","-28,594,000","119,525,000","2,663,000","8,526,000","10,624,000","5,450,000","33,214,000","-19,976,000","-5,143,000","-10,336,000","-8,546,000","-32,850,000","-131,144,000","-4,404,000","59,271,000","-285,519,000","1,910,000","-4,776,000","-1,247,000","-1,355,000","-277,000","-4,623,000","-247,000","-2,654,000","-10,557,000","-6,604,000","-3,697,000","-2,103,000","221,852,000",,,,"5,375,000",,,,"5,309,000",,,,"23,704,000","12,201,000","17,402,000","-2,319,000","45,532,000","-62,092,000","71,943,000","-80,415,000","14,059,000","-414,000","-3,550,000","-4,746,000","967,000","-9,424,000","10,097,000","-22,568,000",,,
			GainLossOnSaleOfPPE,,,,,,,,,,,,,,,,,,,,,,,,,,,"1,910,000","-4,776,000","-1,247,000","-1,355,000",,,,,"-10,575,000",,,,"-1,797,000",,,,"548,000",,,,"-1,181,000",,,,,,"-4,353,000","-4,612,000",,,,,,,,,,,,,,,
			NetForeignCurrencyExchangeGainLoss,,"6,686,000",,"12,140,000","-3,254,000","-5,431,000","-16,120,000","-7,113,000","3,976,000","18,755,000","-26,721,000","25,344,000","4,189,000","-564,000","12,201,000","6,844,000","34,135,000","-19,600,000","-7,297,000",,,,,,,,,,,,,,,,,,,,,,,,,,,,,,,,,,,,,,,,,,,,,,,,,,
			GainLossOnInvestmentSecurities,,,,,,,,,,,,,,,,,,,,,,,,,,,,,,,,,,,,,,,,,,,,,,,,,,,"0",,,,,,,,,,,,,,,,,,
			EarningsLossesFromEquityInvestments,,,,,,,,,,,,,,"207,000","-520,000","-202,000","6,000","-188,000","161,000","628,000","-271,000","472,000","315,000","727,000",,,,,,,,,,,,,,,,,,,,,,,,,,,"5,348,000","2,046,000","21,755,000","2,293,000",,,,,,,,,,,,,,,
		DepreciationAmortizationDepletion,"251,710,000","60,407,000","63,136,000","65,600,000","62,567,000","180,802,000","65,049,000","62,427,000","66,192,000","75,753,000","77,848,000","76,226,000","80,174,000","75,076,000","74,720,000","77,405,000","82,767,000","84,060,000","89,111,000","81,096,000","78,290,000","77,494,000","85,975,000","85,780,000","86,974,000","85,395,000","95,423,000","93,040,000","93,405,000","94,094,000","108,360,000","100,416,000","98,725,000","98,742,000","106,933,000","98,344,000","97,566,000","100,327,000","106,907,000","100,352,000","99,668,000","92,337,000","109,171,000","114,934,000","105,600,000","102,330,000","102,747,000","103,833,000","105,299,000","101,709,000","111,878,000","111,053,000","114,808,000","101,908,000","143,698,000","118,798,000","104,764,000","105,090,000","105,867,000","99,793,000","98,153,000","95,670,000","108,460,000","102,123,000","100,827,000","96,320,000",,"96,562,000","98,266,000"
			DepreciationAndAmortization,"251,710,000","60,407,000","63,136,000","65,600,000","62,567,000","180,802,000","65,049,000","62,427,000","66,192,000","75,753,000","77,848,000","76,226,000","80,174,000","75,076,000","74,720,000","77,405,000","82,767,000","84,060,000","89,111,000","81,096,000","78,290,000","77,494,000","85,975,000","85,780,000","86,974,000","85,395,000","95,423,000","93,040,000","93,405,000","94,094,000","108,360,000","100,416,000","98,725,000","98,742,000","106,933,000","98,344,000","97,566,000","100,327,000","106,907,000","100,352,000","99,668,000","92,337,000","109,171,000","114,934,000","105,600,000","102,330,000","102,747,000","103,833,000","105,299,000","101,709,000","111,878,000","111,053,000","114,808,000","101,908,000","143,698,000","118,798,000","104,764,000","105,090,000","105,867,000","99,793,000","98,153,000","95,670,000","108,460,000","102,123,000","100,827,000","96,320,000",,"96,562,000","98,266,000"
		DeferredTax,"-6,697,000","-1,749,000","-1,297,000","-2,181,000","-1,470,000","-26,634,000","-31,059,000","-28,035,000","-38,985,000","17,743,000","12,700,000","26,510,000","-1,186,000","-13,957,000","-26,494,000","-5,612,000","26,255,000","20,246,000","-283,011,000","-4,747,000","-7,775,000","-15,579,000","2,740,000","-13,863,000","-10,193,000","52,649,000","10,463,000","-13,235,000","1,574,000","4,737,000","-9,756,000","3,910,000","-5,258,000","-22,465,000","6,630,000","-8,355,000","-6,456,000","-23,035,000","-124,539,000","-8,592,000","-8,703,000","-15,481,000","12,351,000","2,681,000","3,069,000","-19,494,000","-2,640,000","17,411,000","-10,279,000","-18,854,000","-4,464,000","-2,026,000","-143,603,000","17,752,000","-268,932,000","-1,037,000","9,723,000","12,801,000","18,537,000","5,784,000","6,830,000","3,764,000","-8,448,000","12,270,000","12,091,000","23,614,000",,"-2,825,000","-9,054,000"
			DeferredIncomeTax,"-6,697,000","-1,749,000","-1,297,000","-2,181,000","-1,470,000","-26,634,000","-31,059,000","-28,035,000","-38,985,000","17,743,000","12,700,000","26,510,000","-1,186,000","-13,957,000","-26,494,000","-5,612,000","26,255,000","20,246,000","-283,011,000","-4,747,000","-7,775,000","-15,579,000","2,740,000","-13,863,000","-10,193,000","52,649,000","10,463,000","-13,235,000","1,574,000","4,737,000","-9,756,000","3,910,000","-5,258,000","-22,465,000","6,630,000","-8,355,000","-6,456,000","-23,035,000","-124,539,000","-8,592,000","-8,703,000","-15,481,000","12,351,000","2,681,000","3,069,000","-19,494,000","-2,640,000","17,411,000","-10,279,000","-18,854,000","-4,464,000","-2,026,000","-143,603,000","17,752,000","-268,932,000","-1,037,000","9,723,000","12,801,000","18,537,000","5,784,000","6,830,000","3,764,000","-8,448,000","12,270,000","12,091,000","23,614,000",,"-2,825,000","-9,054,000"
		AmortizationOfSecurities,,,,,,,,,,,,,,,,,,,,"2,628,000",,,,,,,,,,,,,,,"2,160,000",,,,,,,,,,,,,,,,,,,,,,,,,,,,,,,,,,
		AssetImpairmentCharge,,,,,,,"0","27,263,000","0","123,137,000","0","5,300,000",,,"0",,,,"858,216,000",,,,"0",,,,"0",,,,,,,,,,,,,,,,,,,,"11,493,000","0",,,"78,347,000","0",,,,,,,,,,,,,,,,,
		ProvisionandWriteOffofAssets,"6,223,000",,,,,,,,,"3,735,000","1,454,000","352,000","2,571,000","1,846,000","2,279,000","1,791,000","1,631,000","1,686,000","412,000","2,256,000","3,551,000","521,000","2,215,000","1,782,000","4,644,000","2,018,000","4,698,000","3,542,000","2,619,000","2,525,000","1,756,000","1,251,000","2,622,000","1,521,000","1,683,000","-18,000","1,747,000","1,712,000","2,493,000","1,601,000","1,086,000","1,820,000","995,000","1,671,000","1,007,000","2,304,000",,,,,,,"5,608,000","2,071,000",,,,,,,,,,,,,,,
		StockBasedCompensation,,,,,,,"4,055,000","2,297,000","3,106,000","3,777,000","3,354,000","2,021,000","8,561,000","1,834,000","1,760,000","3,132,000","1,519,000","2,106,000","2,437,000","2,894,000","1,900,000","2,359,000","2,098,000","2,697,000","3,058,000","2,385,000","2,314,000","2,316,000","1,804,000","1,925,000","2,031,000","1,462,000","2,240,000","2,010,000","2,078,000","1,652,000","2,334,000","1,661,000","1,573,000",,,,,,,,,,,,,,,,,,,,,,,,,,,,,,
		OtherNonCashItems,"373,503,000","91,081,000","82,463,000","101,270,000","98,761,000","93,359,000","93,588,000","267,783,000","13,613,000","707,000","957,000","1,722,000","1,455,000","988,000","3,171,000","1,626,000","2,808,000","1,569,000","2,751,000","13,775,000","-8,380,000","-2,329,000","26,283,000","8,965,000","36,272,000","7,985,000","6,522,000","20,530,000","-12,923,000","-18,510,000","4,253,000","-3,956,000","-10,554,000","667,000","2,030,000","3,223,000","2,207,000","3,290,000","11,827,000","-6,048,000","4,364,000","932,000","-7,761,000","13,951,000","9,536,000","-13,402,000","13,868,000","6,796,000","10,318,000","3,394,000","3,010,000","13,428,000","3,191,000","3,608,000","3,249,844,000","81,914,000","-73,758,000","3,192,000","-5,411,000","14,495,000",,,,,,,,"-3,303,000","-1,143,000"
		ChangeInWorkingCapital,"-458,492,000","-5,390,000","-207,967,000","-55,424,000","-189,711,000","-84,082,000","-109,531,000","-286,678,000","249,196,000","-58,466,000","45,928,000","-5,094,000","14,204,000","47,561,000","-30,544,000","21,391,000","-42,919,000","46,683,000","-46,281,000","61,180,000","-30,985,000","-48,767,000","23,628,000","36,903,000","-46,189,000","10,181,000","83,796,000","-36,059,000","-49,781,000","-40,741,000","-2,273,000","8,449,000","-95,171,000","46,593,000","22,467,000","47,016,000","-41,830,000","25,571,000","19,410,000","-14,740,000","-32,255,000","60,963,000","-2,709,000","21,340,000","13,937,000","-32,275,000","6,221,000","75,105,000","-41,001,000","73,634,000","4,571,000","37,305,000","-29,718,000","17,269,000","15,444,000","54,672,000","-2,093,000","-74,381,000","15,277,000","20,240,000","-22,396,000","-24,323,000","-27,809,000","19,620,000","-21,183,000","-25,355,000",,"-10,802,000","-12,032,000"
			ChangeInReceivables,"-182,119,000","109,948,000","-118,019,000","-58,472,000","-115,576,000","114,998,000","-34,459,000","-59,762,000","128,003,000","75,232,000","-34,968,000","-22,410,000","-24,426,000","69,249,000","-59,305,000","-23,135,000","-28,475,000","36,317,000","-21,964,000","4,292,000","-59,170,000","37,052,000","-19,382,000","17,553,000","-47,896,000","80,033,000","-19,266,000","3,607,000","-75,016,000","34,095,000","-31,410,000","26,649,000","-84,504,000","50,647,000","-5,911,000","16,141,000","-30,317,000","63,516,000","-46,285,000","-4,973,000","-54,372,000","59,336,000","-9,934,000","29,298,000","-43,831,000","40,296,000","-26,839,000","5,674,000","-58,071,000","32,123,000",,,,,,,,,,,,,,,,,,,
				ChangesInAccountReceivables,"-182,119,000","109,948,000","-118,019,000","-58,472,000","-115,576,000","114,998,000","-34,459,000","-59,762,000","128,003,000","75,232,000","-34,968,000","-22,410,000","-24,426,000","69,249,000","-59,305,000","-23,135,000","-28,475,000","36,317,000","-21,964,000","4,292,000","-59,170,000","37,052,000","-19,382,000","17,553,000","-47,896,000","80,033,000","-19,266,000","3,607,000","-75,016,000","34,095,000","-31,410,000","26,649,000","-84,504,000","50,647,000","-5,911,000","16,141,000","-30,317,000","63,516,000","-46,285,000","-4,973,000","-54,372,000","59,336,000","-9,934,000","29,298,000","-43,831,000","40,296,000","-26,839,000","5,674,000","-58,071,000","32,123,000",,,,,,,,,,,,,,,,,,,
			ChangeInPrepaidAssets,"-9,688,000","-11,042,000","-750,000","-489,000","2,593,000","-10,193,000","7,649,000","3,031,000","4,710,000","-7,013,000","-3,387,000","1,793,000","-8,688,000","-26,258,000","21,683,000","5,617,000","13,200,000","-38,423,000","25,729,000","-755,000","39,386,000","-54,808,000","24,075,000","-10,655,000","-9,667,000","-19,331,000","24,189,000",,,,,,,,,,,,,,,,,,,,,,,,,,,,,,,,,,,,,,,,,,
			ChangeInPayablesAndAccruedExpense,"117,750,000","-24,666,000","24,039,000","89,494,000","28,883,000","-95,759,000","30,832,000","5,796,000","88,138,000","-93,584,000","64,308,000","9,706,000","48,490,000","-21,412,000","20,656,000","46,211,000","-23,074,000","12,233,000","-4,209,000","67,553,000","-4,203,000","-70,152,000","65,459,000","39,006,000","-3,409,000","-79,141,000","98,995,000","-5,836,000","-6,811,000","-55,213,000","43,481,000","19,748,000","-29,920,000","-18,646,000","49,672,000","24,747,000","-14,681,000","-51,969,000","63,366,000","21,427,000","1,741,000","-36,699,000","19,024,000","24,079,000","35,035,000","-64,529,000","28,384,000","17,137,000","14,097,000","-8,895,000",,,,,,,,,,,,,,,,,,,
				ChangeInPayable,"81,015,000","-53,772,000","66,182,000","60,099,000","8,506,000","-40,098,000","-22,335,000","2,027,000","-9,183,000","39,458,000","-6,542,000","-3,613,000","4,465,000","-7,829,000","15,620,000","-5,832,000","-11,115,000","30,574,000","-103,000","12,118,000","-635,000","-15,506,000","22,751,000","-12,741,000","4,383,000","-18,190,000","27,700,000","5,481,000","-6,901,000","4,362,000","4,741,000","9,294,000","-31,406,000","12,911,000","11,484,000","1,360,000","-7,283,000","-15,968,000","23,439,000","15,484,000","-8,034,000","-6,348,000","37,125,000","8,386,000","8,326,000","-4,926,000",,,,,,,,,,,,,,,,,,,,,,,
					ChangeInAccountPayable,"81,015,000","-53,772,000","66,182,000","60,099,000","8,506,000","-40,098,000","-22,335,000","2,027,000","-9,183,000","39,458,000","-6,542,000","-3,613,000","4,465,000","-7,829,000","15,620,000","-5,832,000","-11,115,000","30,574,000","-103,000","12,118,000","-635,000","-15,506,000","22,751,000","-12,741,000","4,383,000","-18,190,000","27,700,000","5,481,000","-6,901,000","4,362,000","4,741,000","9,294,000","-31,406,000","12,911,000","11,484,000","1,360,000","-7,283,000","-15,968,000","23,439,000","15,484,000","-8,034,000","-6,348,000","37,125,000","8,386,000","8,326,000","-4,926,000",,,,,,,,,,,,,,,,,,,,,,,
				ChangeInAccruedExpense,"36,735,000","29,106,000","-42,143,000","29,395,000","20,377,000","-55,661,000","53,167,000","3,769,000","97,321,000","-133,042,000","70,850,000","13,319,000","44,025,000","-13,583,000","5,036,000","52,043,000","-11,959,000","-18,341,000","-4,106,000","55,435,000","-3,568,000","-54,646,000","42,708,000","51,747,000","-7,792,000","-60,951,000","71,295,000","-11,317,000","90,000","-59,575,000","38,740,000","10,454,000","1,486,000","-31,557,000","38,188,000","23,387,000","-7,398,000","-36,001,000","39,927,000","5,943,000","9,775,000","-30,351,000","-18,101,000","15,693,000","26,709,000","-59,603,000",,,,,,,,,,,,,,,,,,,,,,,
					ChangeInInterestPayable,"36,735,000","29,106,000","-42,143,000","29,395,000","20,377,000","-55,661,000","65,862,000","-58,380,000","77,635,000","-56,881,000","60,079,000","-27,160,000","46,192,000","9,440,000","-8,647,000","9,544,000","-8,003,000","8,491,000","-5,600,000","6,092,000","-4,896,000","4,835,000","-4,863,000","2,149,000",,,,,,,,,,,,,,,,,,,,,,,,,,,,,,,,,,,,,,,,,,,,,
			ChangeInOtherCurrentAssets,,,,,,,"-2,918,000","3,702,000","-903,000","-6,164,000",,,,,,,,,,,,,,,,,,,,,,,,,,,,,,,,,,,,,,,,,,,,,,,,,,,,,,,,,,,
			ChangeInOtherCurrentLiabilities,"-392,729,000","-98,335,000","-102,295,000","-92,579,000","-99,520,000","-104,701,000","-92,961,000",,,,,,,,,,,,,,,,,,,,,,,,,,,,,,,,,"-30,838,000","5,703,000","50,808,000",,"-21,595,000","412,000","48,203,000","-37,065,000","-5,256,000","-6,406,000","41,682,000",,,,,,,,,,,,,,,,,,,
			ChangeInOtherWorkingCapital,"8,294,000","18,705,000","-10,942,000","6,622,000","-6,091,000","11,573,000","-17,674,000","22,341,000","29,248,000","-26,937,000","19,975,000","5,817,000","-1,172,000","25,982,000","-13,578,000","-7,302,000","-4,570,000","36,556,000","-45,837,000","-9,910,000","-6,998,000","39,141,000","-46,524,000","-9,001,000","14,783,000","28,620,000","-20,122,000","-7,913,000","32,046,000","-19,623,000","-14,344,000","-37,948,000","19,253,000","14,592,000","-21,294,000","6,128,000","3,168,000","14,024,000","28,002,000","-356,000","14,673,000","-12,482,000","15,221,000","-10,442,000","22,321,000","-56,245,000","41,741,000","57,550,000","9,379,000","8,724,000",,,,,,"54,672,000","-2,093,000","-74,381,000",,"20,240,000","-22,396,000","-24,323,000",,"19,620,000","-21,183,000","-25,355,000",,,
InvestingCashFlow,"-153,872,000","-18,814,000","-73,264,000","-32,327,000","-29,467,000","-17,645,000","-29,741,000","-25,314,000","185,520,000","-35,944,000","-85,729,000","-57,626,000","-49,111,000","-27,576,000","-98,262,000","-47,067,000","-31,006,000","-27,257,000","-88,794,000","-46,148,000","-57,234,000","16,275,000","139,778,000","-42,959,000","-68,864,000","523,544,000","-123,700,000","-44,232,000","-48,887,000","-40,906,000","-95,437,000","-23,435,000","-49,766,000","-37,793,000","-77,700,000","-28,395,000","-34,775,000","-36,809,000","-87,253,000","-9,639,000","-84,336,000","-52,520,000","-133,250,000","-67,048,000","-55,022,000","-43,614,000","-63,478,000","-49,509,000","-27,744,000","-57,974,000","-69,760,000","-31,992,000","-10,769,000","-50,343,000","-117,386,000","-90,760,000","-90,818,000","-126,880,000","-152,473,000","-54,277,000","-100,177,000","-49,441,000","-106,064,000","-64,906,000","-252,809,000","-65,231,000","-361,371,000","-120,998,000","-27,237,000"
	CashFlowFromContinuingInvestingActivities,"-153,872,000","-18,814,000","-73,264,000","-32,327,000","-29,467,000","-17,645,000","-29,741,000","-25,314,000","185,520,000","-35,944,000","-85,729,000","-57,626,000","-49,111,000","-27,576,000","-98,262,000","-47,067,000","-31,006,000","-27,257,000","-88,794,000","-46,148,000","-57,234,000","16,275,000","139,778,000","-42,959,000","-68,864,000","523,544,000","-123,700,000","-44,232,000","-48,887,000","-40,906,000","-95,437,000","-23,435,000","-49,766,000","-37,793,000","-77,700,000","-28,395,000","-34,775,000","-36,809,000","-87,253,000","-9,639,000","-84,336,000","-52,520,000","-133,250,000","-67,048,000","-55,022,000","-43,614,000","-63,478,000","-49,509,000","-27,744,000","-57,974,000","-69,760,000","-31,992,000","-10,769,000","-50,343,000","-117,386,000","-90,760,000","-90,818,000","-126,880,000","-152,473,000","-54,277,000","-100,177,000","-49,441,000","-106,064,000","-64,906,000","-252,809,000","-65,231,000",,"-120,998,000","-27,237,000"
		NetPPEPurchaseAndSale,"-165,897,000","-35,809,000","-65,568,000","-32,672,000","-31,848,000","-17,918,000","-30,913,000","-26,286,000","-30,356,000","-32,815,000","-84,288,000","-57,583,000","-51,108,000","-28,173,000","-100,958,000","-48,806,000","-32,643,000","-28,672,000","-89,370,000","-31,789,000","-66,735,000","-36,344,000","-81,767,000","-50,950,000","-49,853,000","-47,202,000","-79,714,000","-48,585,000","-48,218,000","-41,815,000","-95,712,000","-42,490,000","-54,339,000","-38,628,000","-91,842,000","-34,240,000","-40,664,000","-39,441,000","-88,208,000","-46,743,000","-83,269,000","-57,357,000","-126,650,000","-58,626,000","-57,297,000","-48,477,000","-55,999,000","-52,558,000","-37,393,000","-49,323,000","-77,566,000","-44,953,000","-26,038,000","-32,329,000","-118,872,000","-59,413,000","-7,577,000","-130,926,000","-62,455,000","-95,427,000","-50,907,000","-49,580,000","-65,793,000","-57,509,000","-50,382,000","-44,747,000",,"-41,811,000","-31,128,000"
			PurchaseOfPPE,"-165,897,000","-35,809,000","-65,568,000","-32,672,000","-31,848,000","-17,918,000","-30,913,000","-26,286,000","-30,356,000","-32,815,000","-84,288,000","-57,583,000","-51,108,000","-28,173,000","-100,958,000","-48,806,000","-32,643,000","-28,672,000","-89,370,000","-31,789,000","-66,735,000","-36,344,000","-81,767,000","-50,950,000","-49,853,000","-47,202,000","-79,714,000","-48,585,000","-48,218,000","-41,815,000","-95,712,000","-42,490,000","-54,339,000","-38,628,000","-91,842,000","-34,240,000","-40,664,000","-39,441,000","-88,208,000","-46,743,000","-83,269,000","-57,357,000","-126,650,000","-58,626,000","-57,297,000","-48,477,000","-55,999,000","-52,558,000","-37,393,000","-49,323,000","-66,910,000","-47,154,000","-29,618,000","-37,204,000","-120,392,000","-64,654,000","-31,422,000","-141,867,000","-67,882,000","-95,690,000","-52,676,000","-59,442,000","-69,902,000","-58,636,000","-52,512,000","-52,832,000",,"-42,816,000","-35,067,000"
			SaleOfPPE,,,,,,,,,,,,,,,,,,,,,,,,,,,,,,,,,,,,,,,,,,,,,,,,,,,,"2,201,000","3,580,000","4,875,000","1,520,000","5,241,000","23,845,000","10,941,000","5,427,000","263,000","1,769,000","9,862,000","4,109,000","1,127,000","2,130,000","8,085,000",,"1,005,000","3,939,000"
		NetIntangiblesPurchaseAndSale,,,,,,,"0","0","-713,000","-3,079,000","-8,514,000",,,,,,,,,,,,,,,,,,,,,,,,,,,,,,,,,,,,,,,,,,,,,,,,,,,,,,,,,,
			PurchaseOfIntangibles,,,,,,,"0","0","-713,000","-3,079,000","-8,514,000",,,,,,,,,,,,,,,,,,,,,,,,,,,,,,,,,,,,,,,,,,,,,,,,,,,,,,,,,,
		NetBusinessPurchaseAndSale,,,,,,,,,,,,,,,,,,,,,,,,,,,,,,,,,,,,,,,,,,,,,,,"-1,126,000",,,,"5,668,000",,,,"8,295,000","-21,201,000",,,,,,,,,,,,,
			PurchaseOfBusiness,,,,,,,,,,,,,,,,,,,,,,,,,,,,,,,,,,,,,,,,,,,,,,,"-1,126,000",,,,"5,668,000",,,,,,,,,,,,,,,,,,
		NetInvestmentPurchaseAndSale,,,,,,,,,,,,,,,,,,,,,,,,,,,,,,,"14,000",,,,,,,,,,,,,,,,,,,,,,"-818,000","-2,636,000","-2,186,000","-5,610,000","-917,000","10,621,000","-3,090,000","2,931,000","46,000","416,000","4,516,000","2,157,000","6,000","613,000",,"647,000","55,000"
			SaleOfInvestment,,,,,,,,,,,,,,,,,,,,,,,,,,,,,,,"14,000",,,,,,,,,,,,,,,,,,,,,,,,"-2,160,000","-5,610,000","-917,000","10,621,000","-2,431,000","2,931,000","46,000","416,000","4,516,000","2,157,000","6,000","613,000",,,
		NetOtherInvestingChanges,"12,025,000","16,995,000","-7,696,000","345,000","2,381,000","273,000","1,172,000","972,000","216,589,000","-50,000","7,073,000","2,755,000","1,997,000","597,000","2,696,000","1,739,000","1,637,000","1,415,000","576,000","-14,359,000","9,501,000","52,619,000","220,764,000","7,991,000","-19,011,000","570,746,000","-19,285,000","4,353,000","-669,000","909,000","261,000","3,235,000","4,573,000","835,000","14,142,000","5,845,000","5,889,000","2,632,000","5,676,000","37,104,000","-1,067,000","4,837,000","6,579,000","-8,422,000","2,275,000","4,863,000","-6,353,000","3,764,000","9,649,000","-8,651,000","5,136,000","18,986,000","16,087,000","-15,378,000","-4,623,000","-4,536,000","1,268,000","-6,575,000","-17,869,000","5,487,000","-16,584,000","-277,000","197,631,000","-107,032,000","-104,955,000","-21,097,000",,"-79,834,000","3,836,000"
FinancingCashFlow,"-90,070,000","-5,753,000","-135,529,000","-7,340,000","58,552,000","-920,000","-26,694,000","306,581,000","-6,208,000","144,600,000","-5,783,000","17,464,000","147,988,000","60,340,000","21,511,000","-8,425,000","-2,899,000","30,499,000","-67,431,000","11,896,000","-12,888,000","-311,090,000","-107,256,000","-102,370,000","-50,405,000","-466,468,000","193,661,000","22,457,000","-75,208,000","58,144,000","-76,957,000","-103,451,000","-48,745,000","-32,156,000","-191,164,000","-101,483,000","-185,800,000","-5,946,000","-16,897,000","-16,234,000","-18,302,000","-54,116,000","-121,914,000","-64,296,000","-80,244,000","-32,290,000","-135,461,000","-107,532,000","-1,004,000","-70,466,000","342,622,000","-46,575,000","-63,917,000","-474,000","-37,842,000","-108,562,000","-130,515,000","44,079,000","-81,423,000","-120,969,000","-69,791,000","-33,568,000","-47,265,000","-88,513,000","117,682,000","-35,069,000","-77,550,000","12,465,000","-11,420,000"
	CashFlowFromContinuingFinancingActivities,"-90,070,000","-5,753,000","-135,529,000","-7,340,000","58,552,000","-920,000","-26,694,000","306,581,000","-6,208,000","144,600,000","-5,783,000","17,464,000","147,988,000","60,340,000","21,511,000","-8,425,000","-2,899,000","30,499,000","-67,431,000","11,896,000","-12,888,000","-311,090,000","-107,256,000","-102,370,000","-50,405,000","-466,468,000","193,661,000","22,457,000","-75,208,000","58,144,000","-76,957,000","-103,451,000","-48,745,000","-32,156,000","-191,164,000","-101,483,000","-185,800,000","-5,946,000","-16,897,000","-16,234,000","-18,302,000","-54,116,000","-121,914,000","-64,296,000","-80,244,000","-32,290,000","-135,461,000","-107,532,000","-1,004,000","-70,466,000","342,622,000","-46,575,000","-63,917,000","-474,000","-37,842,000","-108,562,000","-130,515,000","44,079,000","-81,423,000","-120,969,000","-69,791,000","-33,568,000","-47,265,000","-88,513,000","117,682,000","-35,069,000",,"12,465,000","-11,420,000"
		NetIssuancePaymentsOfDebt,"-72,000,000","-5,542,000","-135,137,000","-5,629,000","74,308,000","10,986,000","-25,454,000","315,628,000","-5,075,000","144,930,000","-5,273,000","-270,847,000","138,000","34,946,000","-150,000","-166,000","-161,000","-155,000","-144,000","152,471,000","2,554,000","-538,000","6,126,000","-1,431,000","-1,179,000","-1,094,000","222,217,000","-680,000","-793,000","-1,872,000","1,527,000","-1,369,000","-1,012,000","134,000","-4,670,000","1,476,000","-1,695,000","-3,800,000","22,712,000","-3,297,000","-1,965,000","2,198,102,000","-276,615,000","-7,114,000","-3,401,000","-4,370,000","-265,344,000","303,000","26,477,000","-70,699,000","316,716,000","51,936,000","-50,349,000","-1,054,000","32,597,000","-11,383,000","-17,695,000","-71,114,000","219,391,000","-121,147,000","-80,843,000","-31,050,000","-3,591,000","-85,526,000","28,216,000","1,233,000",,"-3,736,000","-20,650,000"
			NetLongTermDebtIssuance,"58,000,000","-5,542,000","-5,137,000","-5,629,000","74,308,000","10,986,000","-5,454,000","315,628,000","-5,075,000","-5,070,000","-5,273,000","-270,847,000","138,000","34,946,000","-150,000","-166,000","-161,000","-155,000","-144,000","155,744,000","-185,000","-163,000","6,498,000","-860,000","-599,000","-517,000","222,762,000","-14,000","-14,000","-13,000","-13,000","-12,000","-12,000","-11,000","-1,199,000","-639,000","-351,000","-4,437,000","24,017,000","-3,297,000","-1,965,000","2,198,102,000","-4,353,000","-7,114,000","-3,401,000","-4,370,000","-265,344,000","303,000","26,477,000","-70,699,000","316,716,000","6,398,000","-4,811,000","-1,054,000",,,,,,,,,,,,,,"-3,736,000","-20,650,000"
				LongTermDebtIssuance,"1,085,570,000","0","0","0","1,085,570,000","1,000,000,000","0","375,000,000","0","0","-197,000","3,240,000,000","197,000","2,235,000,000","0",,,,"0","152,875,000",,,,,,,"222,777,000","0","0","0","0","0","0","820,000","-51,000","51,000","0","0","2,715,580,000","-2,298,000","3,369,000","2,200,992,000","3,452,000","1,560,000","0","0","754,000","3,612,000","6,844,000","304,000","2,820,018,000","6,064,000","-898,000","1,342,000",,,,,,,,,,,,,,"0","0"
				LongTermDebtPayments,"-1,027,570,000","-5,542,000","-5,137,000","-5,629,000","-1,011,262,000","-989,014,000","-5,454,000","-59,372,000","-5,075,000","-5,070,000","-5,076,000","-3,510,847,000","-59,000","-2,200,054,000","-150,000","-166,000","-161,000","-155,000","-144,000","-256,000","-185,000","-163,000","-358,000","-860,000","-599,000","-517,000","-15,000","-14,000","-14,000","-13,000","-13,000","-12,000","-12,000","-11,000","-1,148,000","-690,000","-351,000","-4,437,000","-2,691,563,000","-999,000","-5,334,000","-2,890,000","-7,805,000","-8,674,000","-3,401,000","-4,370,000","-266,098,000","-3,309,000","19,633,000","-71,003,000","-2,503,302,000","334,000","-3,913,000","-2,396,000",,,,,,,,,,,,,,"-3,736,000","-20,650,000"
			NetShortTermDebtIssuance,,,,,,,"-20,000,000","0","0","150,000,000",,,,,"0",,,,"0","-3,273,000","2,739,000","-375,000","-372,000","-571,000","-580,000","-577,000","-545,000","-666,000","-779,000","-1,859,000","1,540,000","-1,357,000","-1,000,000","145,000","-3,471,000","2,115,000","-1,344,000","637,000",,,,,,,,,,,,,,,,,,,,,,,,,,,,,,,
				ShortTermDebtIssuance,,,,,,,"0","0","0","150,000,000",,,,,,,,,,,,,,,,,,"0","0","0","2,190,000","0","0","820,000","0","2,115,000","0","637,000",,,,,,,,,,,,,,,,,,,,,,,,,,,,,,,
				ShortTermDebtPayments,,,,,,,,,,,,,,,"0",,,,"0","-148,000","-386,000","-375,000","-372,000","-571,000","-580,000","-577,000","-545,000","-666,000","-779,000","-1,859,000","-650,000","-1,357,000","-1,000,000","-675,000","-3,471,000","0",,,,,,,,,,,,,,,,,,,,,,,,,,,,,,,,,
		NetCommonStockIssuance,,,,,,,"0",,,,"128,000",,,,,,,,,,,,,,,,,,,,,,,,,,,,,,,,,,,,,,,,,"-12,238,000",,,"0","0","2,588,000","1,673,000","2,014,000","148,000",,,"2,075,000",,,,,,
			CommonStockIssuance,,,,,,,"0",,,,"128,000",,,,,,,,,,,,,,,,,,,,,,,,,,,,,,,,,,,,,,,,,,,,"0","0","2,588,000","1,673,000","2,014,000","148,000",,,"2,075,000",,,,,,
			CommonStockPayments,,,,,,,,,,,,,,,,,,,,,,,,,,,,,,,,,,,,,,,,,,,,,,,,"0",,,,"-12,238,000",,,,,,,,,,,,,,,,,
		NetPreferredStockIssuance,,,,,,,"0","0",,,"0","0",,,,,,,,,,,,,,,,,,,,,,,,,,,,,,,,,,,,,,,,,,,,,,,,,,,,,,,,,
			PreferredStockIssuance,,,,,,,"0","0",,,"0","0",,,,,,,,,,,,,,,,,,,,,,,,,,,,,,,,,,,,,,,,,,,,,,,,,,,,,,,,,
		CashDividendsPaid,,,,,,,,,,,"-2,000","-37,000","-697,000","-4,000","-18,000","-36,000","-714,000","-29,910,000","-50,166,000","-603,000","-382,000","-281,673,000","-389,000","-914,000","-18,000","-754,217,000",,,,,"0",,,,"-200,010,000","0","0","0","0","0","0","-2,170,396,000",,,,,,,,,,,,,,,,,,,,,,,,,,,
			CommonStockDividendPaid,,,,,,,,,,,"-2,000","-37,000","-697,000","-4,000","-18,000","-36,000","-714,000","-29,910,000","-50,166,000","-603,000","-382,000","-281,673,000","-389,000","-914,000","-18,000","-754,217,000",,,,,"0",,,,"-200,010,000","0","0","0",,,,,,,,,,,,,,,,,,,,,,,,,,,,,,,
		ProceedsFromStockOptionExercised,,,,,,,,,,,,,,,,,,,,,,,,,,,,,,,,,,,,,,,,,,,,,,,,,,,,"0","0","0",,,,,,,,,,,,,,,
		NetOtherFinancingCharges,"-18,070,000","-211,000","-392,000","-1,711,000","-15,756,000","-11,906,000","-835,000","-9,047,000","-1,133,000","-330,000","-636,000","-44,943,000","104,749,000","25,398,000","21,679,000","-8,223,000","-2,024,000","60,564,000","-17,121,000","-139,972,000","-15,060,000","-28,879,000","-112,993,000","-100,025,000","-49,208,000","288,843,000","-28,556,000","23,137,000","-74,415,000","60,016,000","-78,484,000","72,940,000","-47,733,000","-32,290,000","13,516,000","-102,959,000","-184,105,000","-2,146,000","-39,609,000","-12,937,000","-16,337,000","-81,822,000","154,701,000","-57,182,000","-76,843,000","-27,920,000","129,883,000","-107,835,000","-27,481,000","233,000","716,000","-86,273,000","-616,000","580,000","-70,439,000","-97,179,000","-115,408,000","113,520,000","-302,828,000","30,000","2,434,000","-2,518,000","-45,749,000","-3,088,000","89,466,000","-36,302,000",,"16,201,000","9,230,000"
EndCashPosition,"447,644,000","442,599,000","419,971,000","608,834,000","573,293,000","651,275,000","795,061,000","857,569,000","673,350,000","418,419,000","417,075,000","358,467,000","389,804,000","188,539,000","202,869,000","214,631,000","219,196,000","199,870,000","144,119,000","222,387,000","163,066,000","200,621,000","541,995,000","394,324,000","439,527,000","489,641,000","412,743,000","172,938,000","129,883,000","207,280,000","186,204,000","203,753,000","225,974,000","270,227,000","314,545,000","418,593,000","398,705,000","547,260,000","561,979,000","534,907,000","491,328,000","534,754,000","542,655,000","631,979,000","616,512,000","591,562,000","624,018,000","664,710,000","616,544,000","588,595,000","609,436,000","165,392,000","104,611,000","93,283,000","167,937,000","82,129,000","81,677,000","108,602,000","134,897,000","114,103,000","94,660,000","108,540,000","105,395,000","104,657,000","108,003,000","87,251,000",,"49,665,000","62,501,000"
	ChangesInCash,"-203,631,000","24,898,000","-188,015,000","38,304,000","-78,818,000","-142,906,000","-78,809,000","190,255,000","253,511,000","10,035,000","53,686,000","-25,969,000","201,692,000","-14,916,000","-9,903,000","-933,000","26,937,000","8,268,000","-80,706,000","58,055,000","-40,213,000","-344,962,000","152,658,000","-43,937,000","-46,674,000","73,246,000","242,648,000","50,012,000","-79,358,000","26,960,000","-12,826,000","-18,557,000","-46,030,000","-41,904,000","-105,347,000","17,370,000","-149,974,000","-9,481,000","25,082,000","39,843,000","-37,826,000","-11,258,000","-89,602,000","23,880,000","21,703,000","-36,441,000","-42,856,000","39,156,000","33,085,000","-17,336,000","444,244,000","51,664,000","16,031,000","-1,883,000","907,000","2,048,000","-30,407,000","-27,608,000","21,026,000","19,368,000","-11,523,000","3,440,000","-1,233,000","3,003,000","14,752,000","-20,156,000","70,696,000","-11,389,000","31,488,000"
	EffectOfExchangeRateChanges,"-5,045,000","-2,270,000","-848,000","-2,763,000","836,000","-880,000","16,301,000","-6,036,000","1,420,000","-8,691,000","4,922,000","-5,368,000","-427,000","586,000","-1,859,000","-3,632,000","-7,611,000","3,292,000","2,438,000","1,266,000","2,658,000","3,588,000","-4,987,000","-1,266,000","-3,440,000","3,652,000","-2,843,000","-6,957,000","1,961,000","-5,884,000","-4,723,000","-3,664,000","1,777,000","-2,414,000","1,299,000","2,518,000","1,419,000","-5,238,000","1,990,000","3,736,000","-5,600,000","3,357,000","278,000","-8,413,000","3,247,000","3,985,000","2,164,000","9,010,000","-5,136,000","-3,505,000","-200,000","9,117,000","-4,703,000","354,000","11,776,000","-1,596,000","3,482,000","1,313,000","-232,000","75,000","-2,357,000","-295,000","1,971,000","-6,349,000","6,000,000","-1,237,000",,"-1,447,000","-6,935,000"
	BeginningCashPosition,"651,275,000","419,971,000","608,834,000","573,293,000","651,275,000","795,061,000","857,569,000","673,350,000","418,419,000","417,075,000","358,467,000","389,804,000","188,539,000","202,869,000","214,631,000","219,196,000","199,870,000","188,310,000","222,387,000","163,066,000","200,621,000","541,995,000","394,324,000","439,527,000","489,641,000","412,743,000","172,938,000","129,883,000","207,280,000","186,204,000","203,753,000","225,974,000","270,227,000","314,545,000","418,593,000","398,705,000","547,260,000","561,979,000","534,907,000","491,328,000","534,754,000","542,655,000","631,979,000","616,512,000","591,562,000","624,018,000","664,710,000","616,544,000","588,595,000","609,436,000","165,392,000","104,611,000","93,283,000","94,812,000","82,129,000","81,677,000","108,602,000","134,897,000","114,103,000","94,660,000","108,540,000","105,395,000","104,657,000","108,003,000","87,251,000","108,644,000",,"62,501,000","37,948,000"
IncomeTaxPaidSupplementalData,"4,441,000","774,000","1,237,000","1,801,000","629,000","1,103,000","23,922,000","1,330,000","1,725,000","8,257,000","592,000","3,008,000","7,534,000","14,064,000","5,612,000","3,246,000","10,841,000","9,303,000","3,976,000","6,090,000","6,488,000","17,193,000","5,385,000","10,602,000","9,566,000","14,632,000","14,373,000","10,191,000","9,574,000","9,643,000",,,,,,,,,,,,"17,603,000",,,,,,,,,,,,,,,,,,,,,,,,,,,
InterestPaidSupplementalData,"293,950,000","51,575,000","123,195,000","52,405,000","66,775,000","145,207,000","21,707,000","146,912,000","9,247,000","145,938,000","28,965,000","133,743,000","58,633,000","102,551,000","103,111,000","85,076,000","101,248,000","86,054,000","104,183,000","86,711,000","96,656,000","86,759,000","96,218,000","92,813,000","93,061,000","85,959,000","94,505,000","86,885,000","86,914,000","87,717,000",,,,,,,,,,,,"64,944,000",,,,,,,,,,,,,,,,,,,,,,,,,,,
CapitalExpenditure,"-165,897,000","-35,809,000","-65,568,000","-32,672,000","-31,848,000","-17,918,000","-30,913,000","-26,286,000","-31,069,000","-35,894,000","-92,802,000","-60,381,000","-51,108,000","-28,173,000","-100,958,000","-48,806,000","-32,643,000","-28,672,000","-89,370,000","-31,789,000","-66,735,000","-36,344,000","-81,767,000","-50,950,000","-49,853,000","-47,202,000","-79,714,000","-48,585,000","-48,218,000","-41,815,000","-95,712,000","-42,490,000","-54,339,000","-38,628,000","-91,842,000","-34,240,000","-40,664,000","-39,441,000","-88,208,000","-46,743,000","-83,269,000","-57,357,000","-126,650,000","-58,626,000","-57,297,000","-48,477,000","-55,999,000","-52,558,000","-37,393,000","-49,323,000","-66,910,000","-47,154,000","-29,618,000","-37,204,000","-120,392,000","-64,654,000","-31,422,000","-141,867,000","-67,882,000","-95,690,000","-52,676,000","-59,442,000","-69,902,000","-58,636,000","-52,512,000","-52,832,000",,"-42,816,000","-35,067,000"
IssuanceOfCapitalStock,,,,,,,"0","0",,,"128,000","333,291,000",,,,,,,,,,,,,,,,,,,,,,,,,,,,,,,,,,,,,,,,,,,"0","0","2,588,000","1,673,000","2,014,000","148,000",,,"2,075,000",,,,,,
IssuanceOfDebt,"1,085,570,000","0","0","0","1,085,570,000","1,000,000,000","0","375,000,000","0","150,000,000","-197,000","3,240,000,000","197,000","2,235,000,000","0",,,,"0","152,875,000",,,,,,,"222,777,000","0","0","0","2,190,000","0","0","820,000","-51,000","2,166,000","0","637,000","2,717,643,000","-2,298,000","3,369,000","2,200,992,000","3,452,000","1,560,000","0","0","754,000","3,612,000","6,844,000","304,000","2,820,018,000","6,064,000","-898,000","1,342,000",,,,,,,,,,,,,,"0","0"
RepaymentOfDebt,"-1,157,570,000","-5,542,000","-135,137,000","-5,629,000","-1,011,262,000","-989,014,000","-25,454,000","-59,372,000","-5,075,000","-5,070,000","-5,076,000","-3,510,847,000","-59,000","-2,200,054,000","-150,000","-166,000","-161,000","-155,000","-144,000","-404,000","-571,000","-538,000","-730,000","-1,431,000","-1,179,000","-1,094,000","-560,000","-680,000","-793,000","-1,872,000","-663,000","-1,369,000","-1,012,000","-686,000","-4,619,000","-690,000","-1,695,000","-4,437,000","-2,694,931,000","-999,000","-5,334,000","-2,890,000","-7,805,000","-8,674,000","-3,401,000","-4,370,000","-266,098,000","-3,309,000","19,633,000","-71,003,000","-2,503,302,000","334,000","-3,913,000","-2,396,000",,,,,,,,,,,,,,"-3,736,000","-20,650,000"
RepurchaseOfCapitalStock,,,,,,,,,,,,,,,,,,,,,,,,,,,,,,,,,,,,,,,,,,,,,,,,"0",,,,"-12,238,000",,,,,,,,,,,,,,,,,
FreeCashFlow,"-125,586,000","13,656,000","-44,790,000","45,299,000","-139,751,000","-142,259,000","-53,287,000","-117,298,000","43,130,000","-134,515,000","52,396,000","-46,188,000","51,707,000","-75,853,000","-34,110,000","5,753,000","28,199,000","-23,646,000","-13,851,000","60,518,000","-36,826,000","-86,491,000","38,369,000","50,442,000","22,742,000","-31,032,000","92,973,000","23,202,000","-3,481,000","-32,093,000","63,856,000","65,839,000","-1,858,000","-10,583,000","71,675,000","113,008,000","29,937,000","-6,167,000","41,024,000","18,973,000","-18,457,000","38,021,000","38,912,000","96,598,000","99,672,000","-9,014,000","100,084,000","143,639,000","24,440,000","61,781,000","104,472,000","83,077,000","61,099,000","11,730,000","35,743,000","136,716,000","159,504,000","-86,674,000","187,040,000","98,924,000","105,769,000","27,007,000","82,194,000","97,786,000","97,367,000","27,312,000","301,932,000","54,328,000","35,078,000"