name,03/31/2022,12/31/2021,09/30/2021,06/30/2021,03/31/2021,12/31/2020,09/30/2020,06/30/2020,03/31/2020,12/31/2019,09/30/2019,06/30/2019,03/31/2019,12/31/2018,09/30/2018,06/30/2018,03/31/2018,12/31/2017,09/30/2017,06/30/2017,03/31/2017,12/31/2016,09/30/2016,06/30/2016,03/31/2016,12/31/2015,09/30/2015,06/30/2015,03/31/2015,12/31/2014,09/30/2014,06/30/2014,03/31/2014,12/31/2013,09/30/2013,06/30/2013,03/31/2013,12/31/2012,09/30/2012,06/30/2012,03/31/2012,12/31/2011,09/30/2011,06/30/2011,03/31/2011,12/31/2010,09/30/2010,06/30/2010,03/31/2010,12/31/2009,09/30/2009,06/30/2009,03/31/2009,12/31/2008,09/30/2008,06/30/2008,03/31/2008,12/31/2007,09/30/2007,06/30/2007,03/31/2007,12/31/2006,09/30/2006,06/30/2006,03/31/2006,12/31/2005,09/30/2005,06/30/2005,03/31/2005,12/31/2004
TotalAssets,"22,247,000,000","20,059,000,000","19,892,000,000","20,378,000,000","20,541,000,000","20,807,000,000","20,982,000,000","21,695,000,000","21,167,000,000","23,199,000,000","22,427,000,000","22,594,000,000","22,313,000,000","22,547,000,000","23,339,000,000","22,855,000,000","21,504,000,000","20,687,000,000","19,808,000,000","20,142,000,000","20,042,000,000","20,469,000,000","20,680,660,000","20,980,532,000","20,384,909,000","20,987,421,000","20,502,890,000","21,608,209,000","21,046,082,000","22,361,691,000","22,027,781,000","22,249,123,000","22,474,601,000","22,724,264,000","22,485,095,000","21,783,824,000","22,010,953,000","22,163,652,000","23,158,362,000","22,416,806,000","22,871,032,000","22,244,123,000","21,965,251,000","21,737,157,000","21,236,990,000","21,044,308,000","20,247,997,000","20,267,154,000","20,093,458,000","20,572,106,000","18,273,058,000","17,296,995,000","16,961,632,000","17,144,113,000","14,759,412,000","13,282,222,000","12,568,401,000","11,466,517,000","11,129,552,000","10,447,844,000","7,535,652,000","7,126,458,000","6,778,473,000","5,740,841,000","4,097,334,000","3,879,739,000","3,693,335,000","3,325,656,000","3,297,920,000","3,601,478,000"
	CurrentAssets,"6,725,000,000","5,510,000,000","5,228,000,000","5,577,000,000","5,630,000,000","2,644,000,000","2,958,000,000","3,772,000,000","3,493,000,000","5,305,000,000","4,808,000,000","4,957,000,000","5,055,000,000","5,566,000,000","5,614,000,000","5,075,000,000","3,394,000,000","3,207,000,000","2,836,000,000","3,100,000,000","2,820,000,000","3,098,000,000","2,838,683,000","3,309,270,000","2,951,894,000","3,609,250,000","3,329,223,000","4,318,610,000","3,986,784,000","5,190,499,000","4,817,337,000","4,978,117,000","5,242,112,000","5,515,539,000","5,207,268,000","4,465,359,000","4,501,701,000","4,477,514,000","5,599,077,000","5,225,597,000","5,722,739,000","5,397,152,000","5,342,656,000","4,721,305,000","4,205,285,000","4,058,907,000","3,313,560,000","4,456,824,000","4,756,558,000","5,623,674,000","3,778,257,000","3,217,941,000","3,363,908,000","3,741,276,000","1,996,975,000","1,360,643,000","1,498,061,000","1,379,086,000","2,202,596,000","2,348,498,000","909,523,000","1,093,557,000","998,309,000","777,348,000","578,131,000","644,706,000","716,140,000","795,503,000","968,040,000","1,405,126,000"
		CashCashEquivalentsAndShortTermInvestments,"6,430,000,000","1,854,000,000","1,644,000,000","2,057,000,000","2,074,000,000","2,121,000,000","2,381,000,000","3,016,000,000","2,602,000,000","4,226,000,000","3,817,000,000","4,017,000,000","4,134,000,000","4,648,000,000","4,772,000,000","4,350,000,000","2,628,000,000","2,419,000,000","2,001,000,000","2,307,000,000","1,956,000,000","2,128,000,000","1,790,400,000","2,225,303,000","1,695,643,000","2,179,490,000","1,855,466,000","2,818,680,000","2,406,465,000","3,506,319,000","3,147,109,000","3,292,727,000","3,303,402,000","3,600,414,000","3,209,120,000","2,514,141,000","2,379,748,000","2,512,766,000","3,745,415,000","3,522,000,000","4,056,360,000","3,902,718,000","3,951,575,000","3,479,106,000","3,133,941,000","3,037,081,000","2,394,712,000","3,692,296,000","3,925,713,000","4,955,416,000","3,091,845,000","2,585,033,000","2,758,472,000","3,038,163,000","1,275,975,000","801,770,000","855,362,000","857,150,000","1,679,647,000","1,785,103,000","439,525,000","468,066,000","493,709,000","281,999,000","317,277,000","456,846,000","589,903,000","650,194,000","799,611,000","1,294,898,000"
			CashAndCashEquivalents,"6,430,000,000","1,854,000,000","1,644,000,000","2,057,000,000","2,074,000,000","2,121,000,000","2,381,000,000","3,016,000,000","2,602,000,000","4,226,000,000","3,817,000,000","4,017,000,000","4,134,000,000","4,648,000,000","4,772,000,000","4,350,000,000","2,628,000,000","2,419,000,000","2,001,000,000","2,307,000,000","1,956,000,000","2,128,000,000","1,790,400,000","2,225,303,000","1,695,643,000","2,179,490,000","1,855,466,000","2,818,680,000","2,406,465,000","3,506,319,000","3,147,109,000","3,292,727,000","3,303,402,000","3,600,414,000","3,209,120,000","2,514,141,000","2,379,748,000","2,512,766,000","3,745,415,000","3,522,000,000","4,056,360,000","3,902,718,000","3,951,575,000","3,479,106,000","3,133,941,000","3,037,081,000","2,394,712,000","3,518,835,000","3,751,845,000","4,955,416,000","3,091,845,000","2,585,033,000","2,758,472,000","3,038,163,000","1,275,975,000","801,770,000","855,362,000","857,150,000","1,679,647,000","1,785,103,000","439,525,000","468,066,000","493,709,000","281,999,000","317,277,000","456,846,000","589,903,000","650,194,000","799,611,000","1,294,898,000"
			OtherShortTermInvestments,,,,,,,,,,,,,,,,,,,,,,,,,,,,,,,,,,,,,,,,,,,,,,,,"173,461,000","173,868,000",,,,,,,,,,,,,,,,,,,,,
		Receivables,"147,000,000","202,000,000","167,000,000","160,000,000","205,000,000","338,000,000","382,000,000","567,000,000","653,000,000","844,000,000","757,000,000","767,000,000","737,000,000","726,000,000","650,000,000","555,000,000","587,000,000","615,000,000","637,000,000","623,000,000","683,000,000","776,000,000","868,090,000","925,971,000","1,081,544,000","1,267,848,000","1,315,191,000","1,342,146,000","1,408,381,000","1,510,772,000","1,496,987,000","1,531,555,000","1,781,090,000","1,762,110,000","1,848,522,000","1,803,357,000","1,973,984,000","1,819,260,000","1,702,458,000","1,561,776,000","1,530,340,000","1,336,817,000","1,112,896,000","968,988,000","803,100,000","716,919,000","618,998,000","530,331,000","436,074,000","460,766,000","375,201,000","367,244,000","345,954,000","384,819,000","333,176,000","270,025,000","253,614,000","187,195,000","152,307,000","119,070,000","120,854,000","173,683,000","102,129,000","86,939,000","108,450,000","84,778,000","53,631,000","66,386,000","75,759,000","56,582,000"
			AccountsReceivable,"147,000,000","202,000,000","167,000,000","160,000,000","205,000,000","338,000,000","382,000,000","567,000,000","653,000,000","844,000,000","757,000,000","767,000,000","737,000,000","726,000,000","650,000,000","555,000,000","587,000,000","615,000,000","637,000,000","623,000,000","683,000,000","776,000,000","868,090,000","925,971,000","1,081,544,000","1,267,848,000","1,315,191,000","1,342,146,000","1,408,381,000","1,510,772,000","1,496,987,000","1,531,555,000","1,781,090,000","1,762,110,000","1,848,522,000","1,803,357,000","1,973,984,000","1,819,260,000","1,702,458,000","1,561,776,000","1,530,340,000","1,336,817,000","1,112,896,000","968,988,000","803,100,000","716,919,000","618,998,000","530,331,000","436,074,000","460,766,000","375,201,000","367,244,000","345,954,000","384,819,000","333,176,000","270,025,000","253,614,000","187,195,000","152,307,000","119,070,000","120,854,000","173,683,000","102,129,000","86,939,000","108,450,000","84,778,000","53,631,000","66,386,000","75,759,000","56,582,000"
				GrossAccountsReceivable,"381,000,000","434,000,000","408,000,000","400,000,000","447,000,000","652,000,000","674,000,000","847,000,000","924,000,000","1,126,000,000",,,,"1,050,000,000",,,,"1,057,000,000",,,,"1,352,000,000",,,,"1,904,451,000",,,,"2,184,057,000",,,,"2,391,837,000",,,,"2,310,942,000",,,,"1,611,883,000",,,,,,,,,,,,,,,,,,,,,,,,,,,,
				AllowanceForDoubtfulAccountsReceivable,"-234,000,000","-232,000,000","-241,000,000","-240,000,000","-242,000,000","-314,000,000","-292,000,000","-280,000,000","-271,000,000","-282,000,000",,,,"-324,000,000",,,,"-442,000,000",,,,"-576,000,000",,,,"-636,603,000",,,,"-673,285,000",,,,"-629,727,000",,,,"-491,682,000",,,,"-275,066,000",,,,,,,,,,,,,,,,,,,,,,,,,,,,
		Inventory,"23,000,000","22,000,000","22,000,000","22,000,000","23,000,000","32,000,000","34,000,000","37,000,000","36,000,000","37,000,000","33,000,000","33,000,000","35,000,000","35,000,000","42,000,000","44,000,000","46,000,000","47,000,000","45,000,000","47,000,000","47,000,000","46,000,000","43,764,000","42,358,000","43,174,000","42,573,000","39,755,000","39,820,000","42,088,000","41,674,000","43,090,000","43,083,000","41,385,000","41,946,000","41,683,000","41,229,000","42,381,000","43,875,000","42,511,000","40,537,000","40,014,000","34,990,000","33,462,000","35,634,000","33,633,000","32,260,000","27,751,000","26,523,000","24,922,000","27,073,000","26,153,000","27,180,000","27,188,000","28,837,000","27,284,000","24,864,000","24,035,000","19,902,000","15,914,000","13,077,000","13,052,000","12,291,000","11,663,000","10,820,000","10,645,000","9,967,000","8,987,000","8,769,000","8,334,000","8,010,000"
		PrepaidAssets,"109,000,000","113,000,000","124,000,000","108,000,000","119,000,000","137,000,000","144,000,000","136,000,000","186,000,000","182,000,000","186,000,000","126,000,000","135,000,000","144,000,000","137,000,000","114,000,000","121,000,000","115,000,000","142,000,000","113,000,000","124,000,000","138,000,000","127,349,000","106,995,000","114,279,000","111,438,000","111,297,000","110,844,000","122,949,000","125,168,000","123,633,000","104,470,000","110,347,000","104,230,000","99,693,000","99,207,000","98,151,000","94,793,000","92,269,000","82,058,000","76,085,000","45,607,000","50,693,000","51,636,000","54,219,000","46,726,000","41,481,000","39,833,000","43,744,000","35,336,000","32,962,000","26,474,000","108,724,000","71,670,000","37,525,000","48,114,000","43,567,000","49,424,000","69,054,000","31,725,000","28,856,000","25,067,000","31,527,000","45,264,000","18,175,000","13,452,000","14,001,000","13,683,000","14,434,000","11,797,000"
		RestrictedCash,"16,000,000","16,000,000","16,000,000","16,000,000","16,000,000","16,000,000","17,000,000","16,000,000","16,000,000","16,000,000","15,000,000","14,000,000","14,000,000","13,000,000","13,000,000","12,000,000","12,000,000","11,000,000","11,000,000","10,000,000","10,000,000","10,000,000","9,080,000","8,643,000","17,254,000","7,901,000","7,514,000","7,120,000","6,901,000","6,566,000","6,518,000","6,282,000","5,888,000","6,839,000","5,750,000","5,782,000","5,672,000","4,521,000","4,401,000","5,151,000","4,874,000","4,828,000","184,366,000","171,228,000","146,532,000",,"203,687,000","91,983,000","297,329,000","118,641,000","229,091,000","188,639,000","101,921,000","194,816,000","239,144,000","173,066,000","304,895,000","232,944,000","262,802,000","374,294,000","290,683,000","398,762,000","348,320,000","340,203,000","113,221,000","71,717,000","20,229,000","20,879,000","22,771,000","20,528,000"
		CurrentDeferredAssets,,,,,,,,,,,,,,,,,,,,,,,,,,,,,,,,,,"0","2,500,000","1,643,000","1,765,000","2,299,000","12,023,000","14,075,000","15,066,000","72,192,000","9,664,000","14,713,000","33,860,000","61,606,000","26,931,000","75,858,000",,"26,442,000","23,005,000","23,371,000","21,649,000","22,971,000","83,871,000","42,804,000","16,588,000","32,471,000","22,872,000","25,229,000","16,553,000","15,688,000","10,961,000","12,123,000","10,363,000","7,946,000","29,389,000","35,592,000","47,131,000","13,311,000"
			CurrentDeferredTaxesAssets,,,,,,,,,,,,,,,,,,,,,,,,,,,,,,,,,,"0","2,500,000","1,643,000","1,765,000","2,299,000","12,023,000","14,075,000","15,066,000","72,192,000","9,664,000","14,713,000","33,860,000","61,606,000","26,931,000","75,858,000",,"26,442,000","23,005,000","23,371,000","21,649,000","22,971,000","83,871,000","42,804,000","16,588,000","32,471,000","22,872,000","25,229,000","16,553,000","15,688,000","10,961,000","12,123,000","10,363,000","7,946,000","29,389,000","35,592,000","47,131,000","13,311,000"
		AssetsHeldForSaleCurrent,"0","3,303,000,000","3,255,000,000","3,214,000,000","3,193,000,000",,,,,,,,,,,,,,,,,,,,,,,,,,,,,,,,,,,,,,,,,,,,,,,,,,,,,,,,,,,,,,,,,
		OtherCurrentAssets,,,,,,,,,,,,,,,,,,,,,,,,,,,,,,,,,,,,,,,,,,,,,,"164,315,000",,,"28,776,000",,,,,,,,,,,,,,,,,,,,,
	TotalNonCurrentAssets,"15,522,000,000","14,549,000,000","14,664,000,000","14,801,000,000","14,911,000,000","18,163,000,000","18,024,000,000","17,923,000,000","17,674,000,000","17,894,000,000","17,619,000,000","17,637,000,000","17,258,000,000","16,981,000,000","17,725,000,000","17,780,000,000","18,110,000,000","17,480,000,000","16,972,000,000","17,042,000,000","17,222,000,000","17,371,000,000","17,841,977,000","17,671,262,000","17,433,015,000","17,378,171,000","17,173,667,000","17,289,599,000","17,059,298,000","17,171,192,000","17,210,444,000","17,271,006,000","17,232,489,000","17,208,725,000","17,277,827,000","17,318,465,000","17,509,252,000","17,686,138,000","17,559,285,000","17,191,209,000","17,148,293,000","16,846,971,000","16,622,595,000","17,015,852,000","17,031,705,000","16,985,401,000","16,934,437,000","15,810,330,000","15,336,900,000","14,948,432,000","14,494,801,000","14,079,054,000","13,597,724,000","13,402,837,000","12,762,437,000","11,921,579,000","11,070,340,000","10,087,431,000","8,926,956,000","8,099,346,000","6,626,129,000","6,032,901,000","5,780,164,000","4,963,493,000","3,519,203,000","3,235,033,000","2,977,195,000","2,530,153,000","2,329,880,000","2,196,352,000"
		NetPPE,"13,861,000,000","14,016,000,000","14,101,000,000","14,230,000,000","14,336,000,000","17,365,000,000","17,202,000,000","17,103,000,000","16,875,000,000","17,116,000,000","16,829,000,000","16,879,000,000","16,432,000,000","16,352,000,000","16,393,000,000","16,430,000,000","16,738,000,000","16,753,000,000","16,732,000,000","16,796,000,000","16,969,000,000","17,113,000,000","17,572,243,000","17,393,117,000","17,189,568,000","16,993,770,000","16,773,494,000","16,846,701,000","16,624,786,000","16,725,564,000","16,752,465,000","16,830,166,000","16,776,870,000","16,787,772,000","16,839,905,000","16,865,777,000","17,079,753,000","17,225,489,000","15,638,535,000","16,718,992,000","16,743,951,000","15,030,979,000","14,804,973,000","16,333,813,000","16,097,786,000","15,901,037,000","15,723,412,000","15,337,174,000","14,954,133,000","14,561,091,000","14,063,936,000","13,601,962,000","12,136,005,000","11,868,228,000","11,275,621,000","10,382,880,000","9,426,585,000","8,574,614,000","7,656,712,000","6,359,988,000","5,344,802,000","4,582,325,000","3,921,591,000","3,347,330,000","2,887,413,000","2,600,468,000","2,337,737,000","2,093,013,000","1,889,251,000","1,756,090,000"
			GrossPPE,"13,861,000,000","24,033,000,000","14,101,000,000","14,230,000,000","14,336,000,000","28,886,000,000","17,202,000,000","17,103,000,000","16,875,000,000","27,613,000,000","16,829,000,000","16,879,000,000","16,432,000,000","26,041,000,000","25,427,000,000","25,302,000,000","25,465,000,000","25,648,000,000","24,977,000,000","24,793,000,000","24,777,000,000","24,936,000,000","24,857,528,000","24,428,480,000","23,969,634,000","23,819,617,000","23,051,112,000","22,979,347,000","22,507,635,000","22,700,184,000","22,303,279,000","22,172,936,000","21,880,633,000","21,905,844,000","21,499,821,000","21,282,433,000","21,268,416,000","21,403,027,000","19,360,480,000","20,235,980,000","20,051,044,000","18,123,136,000","17,704,755,000","19,052,995,000","18,615,479,000","18,232,909,000","17,878,403,000","17,299,935,000","16,758,141,000","16,216,716,000","15,582,011,000","14,973,706,000","13,368,442,000","12,959,092,000","12,232,405,000","11,212,118,000","10,143,404,000","9,182,397,000","8,246,817,000","6,896,528,000","5,846,225,000","5,052,989,000","4,361,336,000","3,761,662,000","3,277,393,000","2,965,718,000","2,676,182,000","2,403,929,000","2,179,398,000","2,026,274,000"
				Properties,"0","0","0","0","0","0","0","0","0","0","0","0","0","0","0","0","0","0","0","0","0","0","0","0","0","0","0","0","0","0","0","0","0","0","0","0","0","0","0","0","0","0","0","0","0","0","0","0","0","0","0","0","0","0","0","0","0","0","0","0","0","0","0","0","0","0","0","0","0","0"
				LandAndImprovements,"2,152,000,000","3,194,000,000","2,169,000,000","2,202,000,000","2,211,000,000","3,430,000,000","2,210,000,000","2,192,000,000","2,169,000,000","3,404,000,000","2,239,000,000","2,288,000,000","1,333,000,000","2,283,000,000","1,860,000,000","1,884,000,000","1,925,000,000","2,312,000,000","1,893,000,000","1,907,000,000","1,893,000,000","2,190,000,000","1,896,548,000","1,846,544,000","1,839,286,000","2,139,383,000","1,810,626,000","1,872,528,000","1,860,313,000","2,196,066,000","1,949,407,000","1,980,952,000","1,978,389,000","2,239,451,000","1,982,697,000","1,984,205,000","1,988,953,000","2,195,728,000","559,333,000","474,351,000","439,023,000","436,768,000","431,941,000","436,053,000","428,636,000","410,758,000","412,642,000","397,365,000","369,406,000","353,791,000","353,801,000","344,206,000","342,873,000","341,927,000","339,098,000","301,930,000","298,272,000","297,678,000","326,591,000","212,604,000","212,559,000","207,144,000","202,017,000","201,896,000","201,841,000","202,285,000","201,260,000","200,792,000","177,064,000","170,056,000"
				BuildingsAndImprovements,,"14,840,000,000",,,,"18,014,000,000",,,,"17,662,000,000",,,,"17,861,000,000","17,815,000,000","17,703,000,000","17,791,000,000","17,703,000,000","17,598,000,000","17,588,000,000","17,548,000,000","17,478,000,000","17,667,275,000","15,532,410,000","15,463,427,000","15,308,791,000","14,911,094,000","15,169,341,000","15,046,535,000","15,187,427,000","15,290,757,000","15,356,228,000","15,271,052,000","15,226,566,000","15,271,904,000","15,161,374,000","15,262,127,000","14,414,026,000","14,254,350,000","13,010,117,000","11,633,890,000","11,456,407,000","11,367,108,000","11,482,772,000","11,227,718,000","10,881,936,000","10,651,246,000","10,281,051,000","6,904,088,000","6,898,071,000","6,842,633,000","6,657,822,000","6,285,124,000","6,309,494,000","6,375,097,000","5,771,803,000","5,668,314,000","4,435,934,000","3,528,856,000","1,657,981,000","1,622,917,000","1,622,783,000","1,603,050,000","1,544,771,000","1,475,533,000","1,454,462,000","1,331,991,000","1,271,453,000","1,235,124,000","1,239,291,000"
				MachineryFurnitureEquipment,,"4,486,000,000",,,,"5,368,000,000",,,,"5,040,000,000",,,,"4,713,000,000","4,562,000,000","4,549,000,000","4,529,000,000","4,454,000,000","4,345,000,000","4,220,000,000","4,251,000,000","4,174,000,000","4,118,790,000","3,871,954,000","3,796,210,000","3,738,103,000","3,642,748,000","3,617,673,000","3,543,283,000","3,520,137,000","3,477,402,000","3,378,572,000","3,334,967,000","3,289,478,000","3,222,199,000","3,092,117,000","3,047,294,000","2,968,742,000","2,806,048,000","2,745,542,000","2,635,751,000","2,552,482,000","2,489,160,000","2,484,492,000","2,440,695,000","2,393,625,000","2,356,089,000","2,287,543,000","2,115,466,000","2,107,048,000","2,091,159,000","2,034,371,000","1,907,000,000","1,869,455,000","1,732,095,000","1,607,558,000","1,475,922,000","1,190,035,000","1,035,736,000","655,951,000","563,696,000","528,882,000","436,767,000","370,615,000","357,560,000","351,219,000","333,632,000","326,491,000","306,139,000","297,287,000"
				OtherProperties,"11,709,000,000",,"11,932,000,000","12,028,000,000","12,125,000,000",,"14,992,000,000","14,911,000,000","14,706,000,000",,"14,590,000,000","14,591,000,000","15,099,000,000",,,,,,,,,,,,,,,,,,,,,,,,,,,,,,,,,,,,,,,,,,,,,,,,,,,,,,,,,
				ConstructionInProgress,,"1,513,000,000",,,,"2,074,000,000",,,,"1,507,000,000",,,,"1,184,000,000","1,190,000,000","1,166,000,000","1,220,000,000","1,179,000,000","1,141,000,000","1,078,000,000","1,085,000,000","1,094,000,000","1,174,915,000","3,177,572,000","2,870,711,000","2,633,340,000","2,686,644,000","2,319,805,000","2,057,504,000","1,796,554,000","1,585,713,000","1,457,184,000","1,296,225,000","1,150,349,000","1,023,021,000","1,044,737,000","970,042,000","1,824,531,000","1,740,749,000","2,586,898,000","3,928,031,000","3,677,479,000","3,416,546,000","3,208,655,000","3,114,633,000","3,147,750,000","3,206,879,000","3,119,397,000","6,151,186,000","5,647,986,000","5,186,588,000","4,843,114,000","4,833,445,000","4,438,216,000","3,786,115,000","3,530,827,000","2,700,896,000","3,258,750,000","3,355,634,000","4,369,992,000","3,447,053,000","2,694,180,000","2,119,502,000","1,644,380,000","1,242,459,000","957,752,000","809,299,000","605,193,000","461,071,000","319,640,000"
				Leases,,,,,,,,,,,,,,,,,,,,,,,,,,,,,,,,,,,,,,,,"1,419,072,000","1,414,349,000",,,"1,441,023,000","1,403,797,000","1,398,840,000","1,251,547,000","1,214,579,000","1,217,995,000","1,209,820,000","1,107,830,000","1,094,193,000",,,,,,,,,,,,,,,,,,
			AccumulatedDepreciation,,"-10,017,000,000",,,,"-11,521,000,000",,,,"-10,497,000,000",,,,"-9,689,000,000","-9,034,000,000","-8,872,000,000","-8,727,000,000","-8,895,000,000","-8,245,000,000","-7,997,000,000","-7,808,000,000","-7,823,000,000","-7,285,285,000","-7,035,363,000","-6,780,066,000","-6,825,847,000","-6,277,618,000","-6,132,646,000","-5,882,849,000","-5,974,620,000","-5,550,814,000","-5,342,770,000","-5,103,763,000","-5,118,072,000","-4,659,916,000","-4,416,656,000","-4,188,663,000","-4,177,538,000","-3,721,945,000","-3,516,988,000","-3,307,093,000","-3,092,157,000","-2,899,782,000","-2,719,182,000","-2,517,693,000","-2,331,872,000","-2,154,991,000","-1,962,761,000","-1,804,008,000","-1,655,625,000","-1,518,075,000","-1,371,744,000","-1,232,437,000","-1,090,864,000","-956,784,000","-829,238,000","-716,819,000","-607,783,000","-590,105,000","-536,540,000","-501,423,000","-470,664,000","-439,745,000","-414,332,000","-389,980,000","-365,250,000","-338,445,000","-310,916,000","-290,147,000","-270,184,000"
		GoodwillAndOtherIntangibleAssets,"19,000,000","19,000,000","15,000,000","15,000,000","20,000,000","25,000,000","28,000,000","32,000,000","36,000,000","42,000,000","45,000,000","51,000,000","69,000,000","72,000,000","76,000,000","81,000,000","85,000,000","89,000,000","93,000,000","96,000,000","100,000,000","103,000,000","108,784,000","113,304,000","68,260,000","71,586,000","74,869,000","78,845,000","82,094,000","86,260,000","90,730,000","95,002,000","98,522,000","102,081,000","106,234,000","109,678,000","68,036,000","70,618,000","73,165,000","75,435,000","78,017,000","80,068,000","82,546,000","85,844,000","87,905,000","89,805,000","91,735,000","92,010,000",,,,,,,,,,,,,,,,,,,,,,
			OtherIntangibleAssets,"19,000,000","19,000,000","15,000,000","15,000,000","20,000,000","25,000,000","28,000,000","32,000,000","36,000,000","42,000,000","45,000,000","51,000,000","69,000,000","72,000,000","76,000,000","81,000,000","85,000,000","89,000,000","93,000,000","96,000,000","100,000,000","103,000,000","108,784,000","113,304,000","68,260,000","71,586,000","74,869,000","78,845,000","82,094,000","86,260,000","90,730,000","95,002,000","98,522,000","102,081,000","106,234,000","109,678,000","68,036,000","70,618,000","73,165,000","75,435,000","78,017,000","80,068,000","82,546,000","85,844,000","87,905,000","89,805,000","91,735,000","92,010,000",,,,,,,,,,,,,,,,,,,,,,
		InvestmentsAndAdvances,,,,,,,,,,,,,,,,,,,,,,,,,,,,,,,,,,,,,,,"1,443,503,000",,,,,,,,,,,,,,,,,,,,,,,,,,,,,,,
		NonCurrentNoteReceivables,"1,200,000,000",,,,,,,,,,,,,,,,,,,,,,,,,,,,,,,,,,,,,,,,,,,,,,,,,,,,,,,,,,,,,,,,,,,,,
		NonCurrentDeferredAssets,"186,000,000","297,000,000","325,000,000","338,000,000","327,000,000","318,000,000","327,000,000","308,000,000","279,000,000","282,000,000","288,000,000","301,000,000","359,000,000","368,000,000","1,121,000,000","1,129,000,000","1,143,000,000","493,000,000",,,,"0","0","8,056,000","10,389,000","193,374,000","209,297,000","241,186,000","230,696,000","237,316,000","240,049,000","223,710,000","237,747,000","199,785,000","210,399,000","223,474,000","235,752,000","257,745,000","259,846,000","266,168,000","182,108,000","173,789,000","140,780,000","143,141,000","153,131,000","165,801,000","166,316,000","197,619,000","151,844,000","160,673,000","200,308,000","243,331,000","177,789,000","44,189,000","1,821,000","7,169,000","27,340,000",,"7,253,000","5,458,000","1,014,000",,,,"2,064,000","11,332,000","9,063,000","8,446,000","8,328,000","425,000"
			NonCurrentDeferredTaxesAssets,"186,000,000","297,000,000","325,000,000","338,000,000","327,000,000","318,000,000","327,000,000","308,000,000","279,000,000","282,000,000","288,000,000","301,000,000","359,000,000","368,000,000","1,121,000,000","1,129,000,000","1,143,000,000","493,000,000",,,,"0","0","8,056,000","10,389,000","23,681,000","29,992,000","46,613,000","38,285,000","31,720,000","20,615,000","19,614,000","21,654,000","13,821,000","40,982,000","40,435,000","37,315,000","43,280,000","31,748,000","28,378,000","18,889,000","153,000","14,361,000","9,259,000","8,729,000","10,423,000",,"26,046,000","22,989,000","22,219,000","24,443,000","98,447,000","31,890,000","44,189,000","1,821,000","7,169,000","27,340,000",,"7,253,000","5,458,000","1,014,000",,,,"2,064,000","11,332,000","9,063,000","8,446,000","8,328,000","425,000"
		OtherNonCurrentAssets,"256,000,000","217,000,000","223,000,000","218,000,000","228,000,000","455,000,000","467,000,000","480,000,000","484,000,000","454,000,000","457,000,000","406,000,000","398,000,000","189,000,000","135,000,000","140,000,000","144,000,000","145,000,000","147,000,000","150,000,000","153,000,000","155,000,000","160,950,000","156,785,000","164,798,000","119,441,000","116,007,000","122,867,000","121,722,000","122,052,000","127,200,000","122,128,000","119,350,000","119,087,000","121,289,000","119,536,000","125,711,000","132,286,000","144,236,000","130,614,000","144,217,000","1,562,135,000","1,594,296,000","453,054,000","692,883,000","828,758,000","952,974,000","183,527,000","230,923,000","226,668,000","230,557,000","233,761,000","1,283,930,000","1,490,420,000","1,484,995,000","1,531,530,000","1,616,415,000","1,512,817,000","1,262,991,000","1,733,900,000","1,280,313,000","1,450,576,000","1,858,573,000","1,616,163,000","629,726,000","623,233,000","630,395,000","428,694,000","432,301,000","439,837,000"
TotalLiabilitiesNetMinorityInterest,"17,570,000,000","17,811,000,000","17,463,000,000","17,432,000,000","17,364,000,000","17,269,000,000","17,142,000,000","17,170,000,000","15,710,000,000","16,692,000,000","15,912,000,000","16,012,000,000","15,873,000,000","15,802,000,000","15,541,000,000","14,893,000,000","13,147,000,000","13,052,000,000","12,917,000,000","13,337,000,000","12,936,000,000","12,973,000,000","13,114,033,000","13,420,732,000","12,370,932,000","12,569,434,000","12,116,539,000","13,139,450,000","12,305,199,000","13,341,109,000","13,172,183,000","13,510,565,000","13,641,588,000","13,223,735,000","13,254,099,000","12,826,777,000","13,166,828,000","13,505,240,000","12,634,308,000","12,229,776,000","12,573,184,000","12,804,971,000","12,839,800,000","12,920,158,000","12,937,723,000","13,113,120,000","12,926,020,000","13,263,272,000","13,138,108,000","13,631,519,000","14,243,211,000","13,163,456,000","12,629,897,000","12,722,005,000","12,481,031,000","10,976,512,000","10,277,601,000","9,206,243,000","8,926,529,000","8,227,362,000","5,359,217,000","5,051,304,000","4,827,250,000","3,890,694,000","2,360,506,000","2,270,201,000","2,195,998,000","1,909,177,000","1,967,870,000","2,285,477,000"
	CurrentLiabilities,"2,139,000,000","2,565,000,000","2,487,000,000","2,542,000,000","2,465,000,000","2,309,000,000","2,255,000,000","2,375,000,000","2,419,000,000","3,224,000,000","3,004,000,000","3,031,000,000","2,917,000,000","3,157,000,000","2,906,000,000","2,992,000,000","2,874,000,000","2,948,000,000","2,661,000,000","2,559,000,000","2,512,000,000","2,806,000,000","2,773,953,000","2,619,773,000","2,395,700,000","2,464,135,000","2,364,640,000","2,691,334,000","2,435,907,000","2,712,494,000","2,619,417,000","2,858,200,000","2,959,255,000","3,129,665,000","4,045,118,000","3,575,427,000","2,689,026,000","2,622,823,000","2,519,977,000","2,249,470,000","2,492,818,000","2,498,706,000","2,332,971,000","2,739,342,000","2,586,974,000","2,600,413,000","2,315,961,000","2,394,645,000","1,996,176,000","1,839,305,000","1,725,596,000","1,632,446,000","1,484,873,000","1,530,416,000","1,721,982,000","1,668,728,000","1,500,011,000","1,493,273,000","2,775,712,000","974,488,000","915,528,000","734,648,000","621,761,000","545,358,000","495,929,000","460,368,000","474,178,000","394,470,000","348,374,000","612,560,000"
		PayablesAndAccruedExpenses,"1,613,000,000","1,200,000,000","1,587,000,000","1,642,000,000","1,622,000,000","1,619,000,000","2,183,000,000","2,304,000,000","2,350,000,000","2,572,000,000","2,938,000,000","2,915,000,000","2,806,000,000","2,370,000,000","2,795,000,000","2,808,000,000","2,730,000,000","2,080,000,000","2,527,000,000","2,433,000,000","2,393,000,000","2,131,000,000","2,610,128,000","2,408,022,000","2,243,680,000","1,937,749,000","2,255,199,000","2,579,333,000","2,325,133,000","2,135,650,000","2,507,835,000","2,405,728,000","2,637,336,000","2,288,299,000","2,743,494,000","2,595,259,000","2,591,679,000","2,136,666,000","2,421,841,000","2,151,733,000","2,023,494,000","2,042,860,000","1,875,627,000","1,665,858,000","1,669,967,000","1,833,345,000","1,743,503,000","1,825,449,000","1,709,357,000","1,665,990,000","1,565,675,000","1,491,302,000","1,350,757,000","679,080,000","788,826,000","753,033,000","711,616,000","721,399,000","723,545,000","490,393,000","382,809,000","378,435,000","337,373,000","307,518,000","297,489,000","289,111,000","244,751,000","237,995,000","187,608,000","213,088,000"
			Payables,"1,079,000,000","479,000,000","322,000,000","297,000,000","315,000,000","682,000,000","499,000,000","621,000,000","657,000,000","1,147,000,000","714,000,000","637,000,000","617,000,000","1,014,000,000","598,000,000","608,000,000","581,000,000","951,000,000","535,000,000","528,000,000","577,000,000","1,016,000,000","795,687,000","696,477,000","677,905,000","991,915,000","602,564,000","598,849,000","613,243,000","957,306,000","500,204,000","524,010,000","584,043,000","1,107,543,000","520,020,000","577,709,000","717,725,000","1,042,296,000","685,721,000","593,327,000","593,626,000","930,901,000","537,452,000","515,572,000","574,354,000","630,486,000","680,411,000","888,834,000","867,114,000","861,466,000","863,093,000","869,332,000","752,979,000","71,035,000","96,345,000","103,610,000","99,479,000","99,023,000","68,118,000","52,034,000","56,192,000","51,038,000","44,080,000","45,683,000","44,259,000","34,803,000","28,657,000","54,021,000","26,527,000","33,383,000"
				AccountsPayable,"69,000,000","77,000,000","74,000,000","69,000,000","70,000,000","98,000,000","70,000,000","64,000,000","82,000,000","149,000,000","170,000,000","138,000,000","152,000,000","178,000,000","153,000,000","154,000,000","159,000,000","171,000,000","141,000,000","107,000,000","104,000,000","128,000,000","123,218,000","106,405,000","110,236,000","110,408,000","96,027,000","93,621,000","93,728,000","112,721,000","109,868,000","118,538,000","131,714,000","119,194,000","114,741,000","121,035,000","132,931,000","106,498,000","150,192,000","134,447,000","105,205,000","104,113,000","103,319,000","92,953,000","87,734,000","113,505,000","101,163,000","119,156,000","86,829,000","82,695,000","78,672,000","88,141,000","68,216,000","71,035,000","96,345,000","103,610,000","99,479,000","99,023,000","68,118,000","52,034,000","56,192,000","51,038,000","44,080,000","45,683,000","44,259,000","34,803,000","28,657,000","54,021,000","26,527,000","33,383,000"
				TotalTaxPayable,"765,000,000","175,000,000","15,000,000","27,000,000","28,000,000","242,000,000","136,000,000","231,000,000","272,000,000","664,000,000","229,000,000","259,000,000","275,000,000","647,000,000","237,000,000","262,000,000","305,000,000","628,000,000","229,000,000","210,000,000","233,000,000","504,000,000","172,021,000","199,008,000","223,588,000","517,371,000","174,687,000","216,939,000","268,085,000","573,656,000","148,940,000","191,073,000","234,477,000","746,789,000","140,248,000","171,013,000","217,978,000","592,426,000","163,209,000","162,525,000","176,853,000","466,879,000","78,447,000","39,130,000","8,631,000",,"8,051,000","15,011,000","7,033,000",,,,,,,,,,,,,,,,,,,,,
					IncomeTaxPayable,"662,000,000","32,000,000","15,000,000","27,000,000","28,000,000","87,000,000","136,000,000","231,000,000","272,000,000","275,000,000","229,000,000","259,000,000","275,000,000","244,000,000","237,000,000","262,000,000","305,000,000","261,000,000","229,000,000","210,000,000","233,000,000","192,000,000","172,021,000","199,008,000","223,588,000","198,056,000","174,687,000","216,939,000","268,085,000","224,201,000","148,940,000","191,073,000","234,477,000","176,678,000","140,248,000","171,013,000","217,978,000","164,126,000","163,209,000","162,525,000","176,853,000","108,060,000","78,447,000","39,130,000","8,631,000",,"8,051,000","15,011,000","7,033,000",,,,,,,,,,,,,,,,,,,,,
				OtherPayable,"245,000,000","227,000,000","233,000,000","201,000,000","217,000,000","342,000,000","293,000,000","326,000,000","303,000,000","334,000,000","315,000,000","240,000,000","190,000,000","189,000,000","208,000,000","192,000,000","117,000,000","152,000,000","165,000,000","211,000,000","240,000,000","384,000,000","500,448,000","391,064,000","344,081,000","364,136,000","331,850,000","288,289,000","251,430,000","270,929,000","241,396,000","214,399,000","217,852,000","241,560,000","265,031,000","285,661,000","366,816,000","343,372,000","372,320,000","296,355,000","311,568,000","359,909,000","355,686,000","383,489,000","477,989,000","516,981,000","571,197,000","754,667,000","773,252,000","778,771,000","784,421,000","781,191,000","684,763,000",,,,,,,,,,,,,,,,,
			CurrentAccruedExpenses,"534,000,000","721,000,000","1,265,000,000","1,345,000,000","1,307,000,000","937,000,000","1,684,000,000","1,683,000,000","1,693,000,000","1,425,000,000","2,224,000,000","2,278,000,000","2,189,000,000","1,356,000,000","2,197,000,000","2,200,000,000","2,149,000,000","1,129,000,000","1,992,000,000","1,905,000,000","1,816,000,000","1,115,000,000","1,814,441,000","1,711,545,000","1,565,775,000","945,834,000","1,652,635,000","1,980,484,000","1,711,890,000","1,178,344,000","2,007,631,000","1,881,718,000","2,053,293,000","1,180,756,000","2,223,474,000","2,017,550,000","1,873,954,000","1,094,370,000","1,736,120,000","1,558,406,000","1,429,868,000","1,111,959,000","1,338,175,000","1,150,286,000","1,095,613,000","1,202,859,000","1,063,092,000","936,615,000","842,243,000","804,524,000","702,582,000","621,970,000","597,778,000","608,045,000","692,481,000","649,423,000","612,137,000","622,376,000","655,427,000","438,359,000","326,617,000","327,397,000","293,293,000","261,835,000","253,230,000","254,308,000","216,094,000","183,974,000","161,081,000","179,705,000"
				InterestPayable,"73,000,000","157,000,000",,,,"179,000,000",,,,"165,000,000",,,,,,,,,,,,,"1,097,000","2,820,000","1,501,000","1,863,000","9,774,000","1,658,000","8,376,000","7,943,000","1,525,000","1,545,000","1,483,000","6,551,000","1,427,000","11,635,000","3,472,000","15,542,000","10,249,000","7,416,000","6,937,000","31,668,000","19,318,000","13,982,000","23,421,000","42,625,000","15,017,000","20,952,000","16,592,000","18,332,000","11,831,000","10,057,000","7,479,000",,,,,,,,,,,,,,,,,
		CurrentDebtAndCapitalLeaseObligation,"72,000,000","74,000,000","73,000,000","75,000,000","72,000,000","76,000,000","72,000,000","71,000,000","69,000,000","70,000,000","66,000,000","116,000,000","111,000,000","111,000,000","111,000,000","184,000,000","144,000,000","296,000,000","134,000,000","126,000,000","119,000,000","167,000,000","163,825,000","211,751,000","152,020,000","95,367,000","94,672,000","98,227,000","97,165,000","99,734,000","102,602,000","435,794,000","304,947,000","377,507,000","1,301,624,000","980,168,000","97,347,000","97,802,000","98,136,000","97,737,000","469,324,000","455,846,000","457,344,000","1,073,484,000","917,007,000","767,068,000","572,458,000","569,196,000","286,819,000","173,315,000","159,921,000","141,144,000","134,116,000","114,623,000","99,314,000","110,655,000","78,286,000","54,333,000","1,329,829,000","43,592,000","165,610,000","6,486,000","6,413,000","6,138,000","7,490,000","7,325,000","56,101,000","56,442,000","64,033,000","304,864,000"
			CurrentDebt,"72,000,000","74,000,000","73,000,000","75,000,000","72,000,000","76,000,000","72,000,000","71,000,000","69,000,000","70,000,000","66,000,000","116,000,000","111,000,000","111,000,000","111,000,000","184,000,000","144,000,000","296,000,000","134,000,000","126,000,000","119,000,000","167,000,000","163,825,000","211,751,000","152,020,000","95,367,000","94,672,000","98,227,000","97,165,000","99,734,000","102,602,000","435,794,000","304,947,000","377,507,000","1,301,624,000","980,168,000","97,347,000","97,802,000","98,136,000","97,737,000","469,324,000","455,846,000","457,344,000","1,073,484,000",,"767,068,000","572,458,000","569,196,000","286,819,000","173,315,000","159,921,000","141,144,000","134,116,000","114,623,000","99,314,000","110,655,000","78,286,000","54,333,000","1,329,829,000","43,592,000","165,610,000","6,486,000","6,413,000","6,138,000","7,490,000","7,325,000","56,101,000","56,442,000","64,033,000","304,864,000"
			CurrentCapitalLeaseObligation,,,,,,,,,,,,,,,,,,,,,,,,,,,,,,,,,,,,,,,,,,,,,"917,007,000",,,,,,,,,,,,,,,,,,,,,,,,,
		CurrentDeferredLiabilities,"454,000,000","470,000,000",,,,"614,000,000",,,,"582,000,000",,,,"676,000,000",,,,"572,000,000",,,,"508,000,000",,,,"431,019,000","14,769,000","13,774,000","13,609,000","477,110,000","8,980,000","16,678,000","16,972,000","463,859,000",,,,"388,355,000",,,,,,,,,,,,,,,,,,,,,,,,,,,,,,,,
			CurrentDeferredTaxesLiabilities,,,,,,,,,,,,,,,,,,,,,,,,,,,"14,769,000","13,774,000","13,609,000","12,522,000","8,980,000","16,678,000","16,972,000","13,309,000",,,,,,,,,,,,,,,,,,,,,,,,,,,,,,,,,,,,
			CurrentDeferredRevenue,"454,000,000","470,000,000",,,,"614,000,000",,,,"582,000,000",,,,"676,000,000",,,,"572,000,000",,,,"508,000,000",,,,"431,019,000",,,,"464,588,000",,,,"450,550,000",,,,"388,355,000",,,,,,,,,,,,,,,,,,,,,,,,,,,,,,,,
		OtherCurrentLiabilities,,"821,000,000","827,000,000","825,000,000","771,000,000",,,,,,,,,,,,,,,,,,,,,,,,,,,,,,,,,,,,,,,,,,,,,,,,,"736,713,000","833,842,000","805,040,000","710,109,000","717,541,000","722,338,000","440,503,000","367,109,000","349,727,000","277,975,000","231,702,000","190,950,000","163,932,000","173,326,000","100,033,000","96,733,000","94,608,000"
	TotalNonCurrentLiabilitiesNetMinorityInterest,"15,431,000,000","15,246,000,000","14,976,000,000","14,890,000,000","14,899,000,000","14,960,000,000","14,887,000,000","14,795,000,000","13,291,000,000","13,468,000,000","12,908,000,000","12,981,000,000","12,956,000,000","12,645,000,000","12,635,000,000","11,901,000,000","10,273,000,000","10,104,000,000","10,256,000,000","10,778,000,000","10,424,000,000","10,167,000,000","10,340,080,000","10,800,959,000","9,975,232,000","10,105,299,000","9,751,899,000","10,448,116,000","9,869,292,000","10,628,615,000","10,552,766,000","10,652,365,000","10,682,333,000","10,094,070,000","9,208,981,000","9,251,350,000","10,477,802,000","10,882,417,000","10,114,331,000","9,980,306,000","10,080,366,000","10,306,265,000","10,506,829,000","10,180,816,000","10,350,749,000","10,512,707,000","10,610,059,000","10,868,627,000","11,141,932,000","11,792,214,000","12,517,615,000","11,531,010,000","11,145,024,000","11,191,589,000","10,759,049,000","9,307,784,000","8,777,590,000","7,712,970,000","6,150,817,000","7,252,874,000","4,443,689,000","4,316,656,000","4,205,489,000","3,345,336,000","1,864,577,000","1,809,833,000","1,721,820,000","1,514,707,000","1,619,496,000","1,672,917,000"
		LongTermDebtAndCapitalLeaseObligation,"14,905,000,000","14,721,000,000","14,462,000,000","14,375,000,000","14,374,000,000","13,931,000,000","13,840,000,000","13,767,000,000","12,253,000,000","12,422,000,000","11,877,000,000","11,909,000,000","11,888,000,000","11,874,000,000","11,869,000,000","11,139,000,000","9,508,000,000","9,344,000,000","9,483,000,000","10,014,000,000","9,671,000,000","9,428,000,000","9,593,099,000","10,061,882,000","9,235,223,000","9,372,645,000","9,034,271,000","9,720,134,000","9,143,833,000","9,892,913,000","9,836,015,000","9,943,170,000","9,968,879,000","9,382,752,000","8,461,992,000","8,511,231,000","9,731,002,000","10,132,265,000","9,397,866,000","9,276,476,000","9,382,649,000","9,577,131,000","9,282,084,000","8,985,396,000","9,185,752,000","9,373,755,000","9,567,391,000","9,826,661,000","10,174,574,000","10,852,147,000","11,604,476,000","10,636,260,000","10,274,760,000","10,356,115,000","10,251,106,000","8,812,773,000","8,290,332,000","7,517,997,000","5,961,369,000","7,066,273,000","4,258,356,000","4,136,152,000","4,023,979,000","3,156,799,000","1,679,846,000","1,625,901,000","1,537,523,000","1,330,108,000","1,433,676,000","1,485,064,000"
			LongTermDebt,"14,905,000,000","14,721,000,000","14,462,000,000","14,375,000,000","14,374,000,000","13,931,000,000","13,840,000,000","13,767,000,000","12,253,000,000","12,422,000,000","11,877,000,000","11,909,000,000","11,888,000,000","11,874,000,000","11,869,000,000","11,139,000,000","9,508,000,000","9,344,000,000","9,483,000,000","10,014,000,000","9,671,000,000","9,428,000,000","9,593,099,000","10,061,882,000","9,235,223,000","9,372,645,000","9,034,271,000","9,720,134,000","9,143,833,000","9,892,913,000","9,836,015,000","9,943,170,000","9,968,879,000","9,382,752,000","8,461,992,000","8,511,231,000","9,731,002,000","10,132,265,000","9,397,866,000","9,276,476,000","9,382,649,000","9,577,131,000","9,282,084,000","8,985,396,000","9,185,752,000","9,373,755,000","9,567,391,000","9,826,661,000","10,174,574,000","10,852,147,000","11,604,476,000","10,636,260,000","10,274,760,000","10,356,115,000","10,251,106,000","8,812,773,000","8,290,332,000","7,517,997,000","5,961,369,000","7,066,273,000","4,258,356,000","4,136,152,000","4,023,979,000","3,156,799,000","1,679,846,000","1,625,901,000","1,537,523,000","1,330,108,000","1,433,676,000","1,485,064,000"
		NonCurrentDeferredLiabilities,"164,000,000","173,000,000","173,000,000","179,000,000","179,000,000","532,000,000","529,000,000","515,000,000","517,000,000","533,000,000","535,000,000","578,000,000","583,000,000","592,000,000","591,000,000","597,000,000","610,000,000","613,000,000","637,000,000","626,000,000","619,000,000","613,000,000","621,380,000","620,027,000","623,830,000","619,286,000","594,779,000","600,368,000","600,782,000","611,088,000","591,481,000","592,972,000","595,550,000","599,123,000","600,165,000","598,993,000","608,204,000","616,216,000","587,607,000","586,172,000","592,678,000","592,345,000","521,798,000","516,755,000","557,300,000","557,333,000","488,166,000","494,923,000","445,984,000","447,274,000","448,564,000","449,855,000","451,144,000",,"7,145,000",,,"1,553,000",,,,"324,000","434,000","3,777,000",,,,,,
			NonCurrentDeferredTaxesLiabilities,"164,000,000","173,000,000","173,000,000","179,000,000","179,000,000","188,000,000","184,000,000","169,000,000","169,000,000","183,000,000","184,000,000","180,000,000","184,000,000","191,000,000","189,000,000","193,000,000","205,000,000","206,000,000","229,000,000","216,000,000","208,000,000","200,000,000","207,645,000","205,018,000","207,548,000","201,734,000","176,076,000","180,514,000","179,778,000","188,935,000","168,291,000","169,371,000","170,833,000","173,211,000","173,166,000","170,906,000","179,026,000","185,945,000","156,346,000","153,918,000","159,427,000","205,438,000","134,928,000","133,859,000","124,038,000","115,219,000","44,762,000","50,229,000",,,,,,,"7,145,000",,,"1,553,000",,,,"324,000","434,000","3,777,000",,,,,,
			NonCurrentDeferredRevenue,,,,,,"344,000,000","345,000,000","346,000,000","348,000,000","350,000,000","351,000,000","398,000,000","399,000,000","401,000,000","402,000,000","404,000,000","405,000,000","407,000,000","408,000,000","410,000,000","411,000,000","413,000,000","413,735,000","415,009,000","416,282,000","417,552,000","418,703,000","419,854,000","421,004,000","422,153,000","423,190,000","423,601,000","424,717,000","425,912,000","426,999,000","428,087,000","429,178,000","430,271,000",,"432,254,000","433,251,000","386,907,000","386,870,000","382,896,000","433,262,000","442,114,000","443,404,000","444,694,000","445,984,000","447,274,000","448,564,000","449,855,000",,,,,,,,,,,,,,,,,,
		PreferredSecuritiesOutsideStockEquity,,,,,,,,,,,,,,,,,,,,,,,,,,,,,,,,,,,,,,,,,,"0",,,"526,515,000",,"480,242,000","457,106,000","433,970,000","410,834,000","387,697,000","364,561,000","341,425,000","318,289,000",,,,,,,,,,,,,,,,
		OtherNonCurrentLiabilities,"362,000,000","352,000,000","341,000,000","336,000,000","346,000,000","497,000,000","518,000,000","513,000,000","521,000,000","513,000,000","496,000,000","494,000,000","485,000,000","179,000,000","175,000,000","165,000,000","155,000,000","147,000,000","136,000,000","138,000,000","134,000,000","126,000,000","125,601,000","119,050,000","116,179,000","113,368,000","122,849,000","127,614,000","124,677,000","124,614,000","125,270,000","116,223,000","117,904,000","112,195,000","146,824,000","141,126,000","138,596,000","133,936,000","128,858,000","117,658,000","105,039,000","136,789,000","702,947,000","678,665,000","81,182,000","581,619,000","74,260,000","89,937,000","87,404,000","81,959,000","76,878,000","80,334,000","77,695,000","517,185,000","500,798,000","495,011,000","487,258,000","193,420,000","189,448,000","186,601,000","185,333,000","180,180,000","181,076,000","184,760,000","184,731,000","183,932,000","184,297,000","184,599,000","185,820,000","187,853,000"
TotalEquityGrossMinorityInterest,"4,677,000,000","2,248,000,000","2,429,000,000","2,946,000,000","3,177,000,000","3,538,000,000","3,840,000,000","4,525,000,000","5,457,000,000","6,507,000,000","6,515,000,000","6,582,000,000","6,440,000,000","6,745,000,000","7,798,000,000","7,962,000,000","8,357,000,000","7,635,000,000","6,891,000,000","6,805,000,000","7,106,000,000","7,496,000,000","7,566,627,000","7,559,800,000","8,013,977,000","8,417,987,000","8,386,351,000","8,468,759,000","8,740,883,000","9,020,582,000","8,855,598,000","8,738,558,000","8,833,013,000","9,500,529,000","9,230,996,000","8,957,047,000","8,844,125,000","8,658,412,000","10,524,054,000","10,187,030,000","10,297,848,000","9,439,152,000","9,125,451,000","8,816,999,000","8,299,267,000","7,931,188,000","7,321,977,000","7,003,882,000","6,955,350,000","6,940,587,000","4,029,847,000","4,133,539,000","4,331,735,000","4,422,108,000","2,278,381,000","2,305,710,000","2,290,800,000","2,260,274,000","2,203,023,000","2,220,482,000","2,176,435,000","2,075,154,000","1,951,223,000","1,850,147,000","1,736,828,000","1,609,538,000","1,497,337,000","1,416,479,000","1,330,050,000","1,316,001,000"
	StockholdersEquity,"4,529,000,000","1,996,000,000","2,102,000,000","2,491,000,000","2,673,000,000","2,973,000,000","3,199,000,000","3,720,000,000","4,489,000,000","5,187,000,000","5,359,000,000","5,560,000,000","5,525,000,000","5,684,000,000","6,862,000,000","7,158,000,000","7,363,000,000","6,493,000,000","5,896,000,000","5,923,000,000","5,997,000,000","6,177,000,000","6,343,882,000","6,427,488,000","6,634,988,000","6,816,741,000","6,891,529,000","7,071,384,000","7,144,063,000","7,213,586,000","7,207,294,000","7,275,762,000","7,286,808,000","7,665,494,000","7,586,220,000","7,500,105,000","7,326,043,000","7,061,842,000","9,068,196,000","8,828,748,000","8,806,476,000","7,850,689,000","7,629,156,000","7,397,998,000","6,957,581,000","6,662,991,000","6,111,539,000","5,851,771,000","5,835,823,000","6,506,434,000","4,034,407,000","4,133,988,000","4,329,861,000","4,422,108,000","2,278,381,000","2,305,710,000","2,290,800,000","2,260,274,000","2,203,023,000","2,220,482,000","2,176,435,000","2,075,154,000","1,951,223,000","1,850,147,000","1,736,828,000","1,609,538,000","1,497,337,000","1,416,479,000","1,330,050,000","1,316,001,000"
		CapitalStock,"1,000,000","1,000,000","1,000,000","1,000,000","1,000,000","1,000,000","1,000,000","1,000,000","1,000,000","1,000,000","1,000,000","1,000,000","1,000,000","1,000,000","1,000,000","1,000,000","1,000,000","1,000,000","1,000,000","1,000,000","1,000,000","1,000,000","830,000","830,000","830,000","830,000","830,000","830,000","830,000","829,000","829,000","829,000","829,000","827,000","826,000","825,000","825,000","824,000","823,000","823,000","823,000","733,000","108,100,000","138,748,000","140,548,000","711,443,000","235,264,000","235,268,000","235,267,000","235,267,000","235,267,000","235,267,000","251,451,000","298,708,000","355,000","355,000","355,000","355,000","355,000","355,000","355,000","354,000","354,000","354,000","354,000","354,000","354,000","354,000","354,000","354,000"
			PreferredStock,"0","0","0","0","0","0","0","0","0","0","0","0","0","0","0",,,"0",,,,,,,,,,,,,,,,,,,,,,,,"0","107,368,000","138,018,000","139,819,000","710,735,000","234,603,000","234,607,000","234,607,000","234,607,000","234,607,000","234,607,000","250,795,000","298,066,000",,,,,,,,,,,,,,,,
			CommonStock,"1,000,000","1,000,000","1,000,000","1,000,000","1,000,000","1,000,000","1,000,000","1,000,000","1,000,000","1,000,000","1,000,000","1,000,000","1,000,000","1,000,000","1,000,000","1,000,000","1,000,000","1,000,000","1,000,000","1,000,000","1,000,000","1,000,000","830,000","830,000","830,000","830,000","830,000","830,000","830,000","829,000","829,000","829,000","829,000","827,000","826,000","825,000","825,000","824,000","823,000","823,000","823,000","733,000","732,000","730,000","729,000","708,000","661,000","661,000","660,000","660,000","660,000","660,000","656,000","642,000","355,000","355,000","355,000","355,000","355,000","355,000","355,000","354,000","354,000","354,000","354,000","354,000","354,000","354,000","354,000","354,000"
		AdditionalPaidInCapital,"6,656,000,000","6,646,000,000","6,639,000,000","6,634,000,000","6,629,000,000","6,611,000,000","6,605,000,000","6,597,000,000","6,591,000,000","6,569,000,000","6,554,000,000","6,541,000,000","6,700,000,000","6,680,000,000","6,673,000,000","6,660,000,000","6,636,000,000","6,580,000,000","6,569,000,000","6,547,000,000","6,529,000,000","6,516,000,000","6,504,177,000","6,503,661,000","6,496,469,000","6,484,843,000","6,468,902,000","6,457,705,000","6,449,253,000","6,428,762,000","6,426,411,000","6,416,298,000","6,398,160,000","6,348,065,000","6,314,916,000","6,286,224,000","6,264,237,000","6,237,488,000","6,212,167,000","6,191,672,000","6,174,773,000","5,610,160,000","5,587,892,000","5,564,289,000","5,544,162,000","5,444,705,000","5,166,396,000","5,149,854,000","5,129,757,000","5,770,586,000","3,185,414,000","3,173,197,000","3,148,556,000","3,090,292,000","1,116,755,000","1,099,352,000","1,082,093,000","1,064,878,000","1,045,490,000","1,019,238,000","1,009,748,000","990,429,000","980,756,000","974,921,000","970,305,000","964,660,000","964,309,000","963,622,000","963,322,000","956,385,000"
		RetainedEarnings,"2,382,000,000","-148,000,000","-25,000,000","343,000,000","535,000,000","813,000,000","1,112,000,000","1,677,000,000","2,497,000,000","3,101,000,000","3,059,000,000","3,118,000,000","2,757,000,000","2,770,000,000","3,521,000,000","3,538,000,000","3,572,000,000","2,716,000,000","2,082,000,000","2,089,000,000","2,121,000,000","2,222,000,000","2,285,163,000","2,344,018,000","2,588,317,000","2,840,387,000","2,891,109,000","2,889,392,000","2,938,628,000","2,945,846,000","2,622,413,000","2,351,879,000","2,083,717,000","1,713,339,000","1,422,519,000","1,084,511,000","843,679,000","560,452,000","2,598,984,000","2,473,724,000","2,438,945,000","2,145,692,000","1,830,097,000","1,476,466,000","1,108,859,000","880,703,000","608,260,000","440,249,000","444,928,000","473,833,000","587,747,000","710,739,000","933,339,000","1,015,554,000","1,145,296,000","1,177,504,000","1,186,300,000","1,197,534,000","1,157,651,000","1,206,158,000","1,171,760,000","1,084,951,000","971,311,000","874,060,000","764,731,000","642,948,000","532,899,000","452,803,000","366,374,000","359,262,000"
		TreasuryStock,"4,481,000,000","4,481,000,000","4,481,000,000","4,481,000,000","4,481,000,000","4,481,000,000","4,481,000,000","4,481,000,000","4,481,000,000","4,481,000,000","4,181,000,000","4,081,000,000","3,901,000,000","3,727,000,000","3,297,000,000","2,997,000,000","2,893,000,000","2,818,000,000","2,743,000,000","2,668,000,000","2,593,000,000","2,443,000,000","2,443,036,000","2,443,036,000","2,443,036,000","2,443,036,000","2,382,972,000","2,302,946,000","2,237,952,000","2,237,952,000","2,000,381,000","1,700,565,000","1,380,529,000","570,520,000","346,253,000","46,562,000",,,,,,,,,,,,,,,"13,000","13,000","13,000",,,,,,,,,,,,,,,,,
		GainsLossesNotAffectingRetainedEarnings,"-29,000,000","-22,000,000","-32,000,000","-6,000,000","-11,000,000","29,000,000","-38,000,000","-74,000,000","-119,000,000","-3,000,000","-74,000,000","-19,000,000","-32,000,000","-40,000,000","-36,000,000","-44,000,000","47,000,000","14,000,000","-13,000,000","-46,000,000","-61,000,000","-119,000,000","-3,252,000","22,015,000","-7,592,000","-66,283,000","-86,340,000","26,403,000","-6,696,000","76,101,000","158,022,000","207,321,000","184,631,000","173,783,000","194,212,000","175,107,000","217,302,000","263,078,000","256,222,000","162,529,000","191,935,000","94,104,000","103,067,000","218,495,000","164,012,000","129,519,000","101,619,000","26,400,000","25,871,000","26,748,000","25,992,000","14,798,000","-3,472,000","17,554,000","15,975,000","28,499,000","22,052,000","-2,493,000","-473,000","-5,269,000","-5,428,000","-580,000","-1,198,000","812,000","1,438,000","1,576,000","-225,000","-300,000",,
		OtherEquityInterest,,,,,,,,,,,,,,,,,,,,,,,,,,,,,,,,,,,,,,,,,,,,,,"-503,379,000",,,,,,,,,,,,,,,,,,,,,,,,
	MinorityInterest,"148,000,000","252,000,000","327,000,000","455,000,000","504,000,000","565,000,000","641,000,000","805,000,000","968,000,000","1,320,000,000","1,156,000,000","1,022,000,000","915,000,000","1,061,000,000","936,000,000","804,000,000","994,000,000","1,142,000,000","995,000,000","882,000,000","1,109,000,000","1,319,000,000","1,222,745,000","1,132,312,000","1,378,989,000","1,601,246,000","1,494,822,000","1,397,375,000","1,596,820,000","1,806,996,000","1,648,304,000","1,462,796,000","1,546,205,000","1,835,035,000","1,644,776,000","1,456,942,000","1,518,082,000","1,596,570,000","1,455,858,000","1,358,282,000","1,491,372,000","1,588,463,000","1,496,295,000","1,419,001,000","1,341,686,000","1,268,197,000","1,210,438,000","1,152,111,000","1,119,527,000","434,153,000","-4,560,000","-449,000","1,874,000",,,,,,,,,,,,,,,,,
TotalCapitalization,"19,434,000,000","16,717,000,000","16,564,000,000","16,866,000,000","17,047,000,000","16,904,000,000","17,039,000,000","17,487,000,000","16,742,000,000","17,609,000,000","17,236,000,000","17,469,000,000","17,413,000,000","17,558,000,000","18,731,000,000","18,297,000,000","16,871,000,000","15,837,000,000","15,379,000,000","15,937,000,000","15,668,000,000","15,605,000,000","15,936,981,000","16,489,370,000","15,870,211,000","16,189,386,000","15,925,800,000","16,791,518,000","16,287,896,000","17,106,499,000","17,043,309,000","17,218,932,000","17,255,687,000","17,048,246,000","16,048,212,000","16,011,336,000","17,057,045,000","17,194,107,000","18,466,062,000","18,105,224,000","18,189,125,000","17,427,820,000","16,911,240,000","16,383,394,000","16,143,333,000","16,036,746,000","15,678,930,000","15,678,432,000","16,010,397,000","17,358,581,000","15,638,883,000","14,770,248,000","14,604,621,000","14,778,223,000","12,529,487,000","11,118,483,000","10,581,132,000","9,778,271,000","8,164,392,000","9,286,755,000","6,434,791,000","6,211,306,000","5,975,202,000","5,006,946,000","3,416,674,000","3,235,439,000","3,034,860,000","2,746,587,000","2,763,726,000","2,801,065,000"
PreferredStockEquity,,,,,,,,,,,,,,,,,,,,,,,,,,,,,,,,,,,,,,,,,,,"107,368,000","138,018,000","139,819,000","710,735,000","234,603,000","234,607,000","234,607,000","234,607,000","234,607,000","234,607,000","250,795,000","298,066,000",,,,,,,,,,,,,,,,
CommonStockEquity,"4,529,000,000","1,996,000,000","2,102,000,000","2,491,000,000","2,673,000,000","2,973,000,000","3,199,000,000","3,720,000,000","4,489,000,000","5,187,000,000","5,359,000,000","5,560,000,000","5,525,000,000","5,684,000,000","6,862,000,000","7,158,000,000","7,363,000,000","6,493,000,000","5,896,000,000","5,923,000,000","5,997,000,000","6,177,000,000","6,343,882,000","6,427,488,000","6,634,988,000","6,816,741,000","6,891,529,000","7,071,384,000","7,144,063,000","7,213,586,000","7,207,294,000","7,275,762,000","7,286,808,000","7,665,494,000","7,586,220,000","7,500,105,000","7,326,043,000","7,061,842,000","9,068,196,000","8,828,748,000","8,806,476,000","7,850,689,000","7,521,788,000","7,259,980,000","6,817,762,000","5,952,256,000","5,876,936,000","5,617,164,000","5,601,216,000","6,271,827,000","3,799,800,000","3,899,381,000","4,079,066,000","4,124,042,000","2,278,381,000","2,305,710,000","2,290,800,000","2,260,274,000","2,203,023,000","2,220,482,000","2,176,435,000","2,075,154,000","1,951,223,000","1,850,147,000","1,736,828,000","1,609,538,000","1,497,337,000","1,416,479,000","1,330,050,000","1,316,001,000"
CapitalLeaseObligations,,,,,,,,,,,,,,,,,,,,,,,,,,,,,,,,,,,,,,,,,,,,,"917,007,000",,,,,,,,,,,,,,,,,,,,,,,,,
NetTangibleAssets,"4,510,000,000","1,977,000,000","2,087,000,000","2,476,000,000","2,653,000,000","2,948,000,000","3,171,000,000","3,688,000,000","4,453,000,000","5,145,000,000","5,314,000,000","5,509,000,000","5,456,000,000","5,612,000,000","6,786,000,000","7,077,000,000","7,278,000,000","6,404,000,000","5,803,000,000","5,827,000,000","5,897,000,000","6,074,000,000","6,235,098,000","6,314,184,000","6,566,728,000","6,745,155,000","6,816,660,000","6,992,539,000","7,061,969,000","7,127,326,000","7,116,564,000","7,180,760,000","7,188,286,000","7,563,413,000","7,479,986,000","7,390,427,000","7,258,007,000","6,991,224,000","8,995,031,000","8,753,313,000","8,728,459,000","7,770,621,000","7,546,610,000","7,312,154,000","6,869,676,000","6,573,186,000","6,019,804,000","5,759,761,000","5,835,823,000","6,506,434,000","4,034,407,000","4,133,988,000","4,329,861,000","4,422,108,000","2,278,381,000","2,305,710,000","2,290,800,000","2,260,274,000","2,203,023,000","2,220,482,000","2,176,435,000","2,075,154,000","1,951,223,000","1,850,147,000","1,736,828,000","1,609,538,000","1,497,337,000","1,416,479,000","1,330,050,000","1,316,001,000"
WorkingCapital,"4,586,000,000","2,945,000,000","2,741,000,000","3,035,000,000","3,165,000,000","335,000,000","703,000,000","1,397,000,000","1,074,000,000","2,081,000,000","1,804,000,000","1,926,000,000","2,138,000,000","2,409,000,000","2,708,000,000","2,083,000,000","520,000,000","259,000,000","175,000,000","541,000,000","308,000,000","292,000,000","64,730,000","689,497,000","556,194,000","1,145,115,000","964,583,000","1,627,276,000","1,550,877,000","2,478,005,000","2,197,920,000","2,119,917,000","2,282,857,000","2,385,874,000","1,162,150,000","889,932,000","1,812,675,000","1,854,691,000","3,079,100,000","2,976,127,000","3,229,921,000","2,898,446,000","3,009,685,000","1,981,963,000","1,618,311,000","1,458,494,000","997,599,000","2,062,179,000","2,760,382,000","3,784,369,000","2,052,661,000","1,585,495,000","1,879,035,000","2,210,860,000","274,993,000","-308,085,000","-1,950,000","-114,187,000","-573,116,000","1,374,010,000","-6,005,000","358,909,000","376,548,000","231,990,000","82,202,000","184,338,000","241,962,000","401,033,000","619,666,000","792,566,000"
InvestedCapital,"19,506,000,000","16,791,000,000","16,637,000,000","16,941,000,000","17,119,000,000","16,980,000,000","17,111,000,000","17,558,000,000","16,811,000,000","17,679,000,000","17,302,000,000","17,585,000,000","17,524,000,000","17,669,000,000","18,842,000,000","18,481,000,000","17,015,000,000","16,133,000,000","15,513,000,000","16,063,000,000","15,787,000,000","15,772,000,000","16,100,806,000","16,701,121,000","16,022,231,000","16,284,753,000","16,020,472,000","16,889,745,000","16,385,061,000","17,206,233,000","17,145,911,000","17,654,726,000","17,560,634,000","17,425,753,000","17,349,836,000","16,991,504,000","17,154,392,000","17,291,909,000","18,564,198,000","18,202,961,000","18,658,449,000","17,883,666,000","17,261,216,000","17,318,860,000","16,003,514,000","16,093,079,000","16,016,785,000","16,013,021,000","16,062,609,000","17,297,289,000","15,564,197,000","14,676,785,000","14,487,942,000","14,594,780,000","12,628,801,000","11,229,138,000","10,659,418,000","9,832,604,000","9,494,221,000","9,330,347,000","6,600,401,000","6,217,792,000","5,981,615,000","5,013,084,000","3,424,164,000","3,242,764,000","3,090,961,000","2,803,029,000","2,827,759,000","3,105,929,000"
TangibleBookValue,"4,510,000,000","1,977,000,000","2,087,000,000","2,476,000,000","2,653,000,000","2,948,000,000","3,171,000,000","3,688,000,000","4,453,000,000","5,145,000,000","5,314,000,000","5,509,000,000","5,456,000,000","5,612,000,000","6,786,000,000","7,077,000,000","7,278,000,000","6,404,000,000","5,803,000,000","5,827,000,000","5,897,000,000","6,074,000,000","6,235,098,000","6,314,184,000","6,566,728,000","6,745,155,000","6,816,660,000","6,992,539,000","7,061,969,000","7,127,326,000","7,116,564,000","7,180,760,000","7,188,286,000","7,563,413,000","7,479,986,000","7,390,427,000","7,258,007,000","6,991,224,000","8,995,031,000","8,753,313,000","8,728,459,000","7,770,621,000","7,439,242,000","7,174,136,000","6,729,857,000","5,862,451,000","5,785,201,000","5,525,154,000","5,601,216,000","6,271,827,000","3,799,800,000","3,899,381,000","4,079,066,000","4,124,042,000","2,278,381,000","2,305,710,000","2,290,800,000","2,260,274,000","2,203,023,000","2,220,482,000","2,176,435,000","2,075,154,000","1,951,223,000","1,850,147,000","1,736,828,000","1,609,538,000","1,497,337,000","1,416,479,000","1,330,050,000","1,316,001,000"
TotalDebt,"14,977,000,000","14,795,000,000","14,535,000,000","14,450,000,000","14,446,000,000","14,007,000,000","13,912,000,000","13,838,000,000","12,322,000,000","12,492,000,000","11,943,000,000","12,025,000,000","11,999,000,000","11,985,000,000","11,980,000,000","11,323,000,000","9,652,000,000","9,640,000,000","9,617,000,000","10,140,000,000","9,790,000,000","9,595,000,000","9,756,924,000","10,273,633,000","9,387,243,000","9,468,012,000","9,128,943,000","9,818,361,000","9,240,998,000","9,992,647,000","9,938,617,000","10,378,964,000","10,273,826,000","9,760,259,000","9,763,616,000","9,491,399,000","9,828,349,000","10,230,067,000","9,496,002,000","9,374,213,000","9,851,973,000","10,032,977,000","9,739,428,000","10,058,880,000","10,102,759,000","10,140,823,000","10,139,849,000","10,395,857,000","10,461,393,000","11,025,462,000","11,764,397,000","10,777,404,000","10,408,876,000","10,470,738,000","10,350,420,000","8,923,428,000","8,368,618,000","7,572,330,000","7,291,198,000","7,109,865,000","4,423,966,000","4,142,638,000","4,030,392,000","3,162,937,000","1,687,336,000","1,633,226,000","1,593,624,000","1,386,550,000","1,497,709,000","1,789,928,000"
NetDebt,"8,547,000,000","12,941,000,000","12,891,000,000","12,393,000,000","12,372,000,000","11,886,000,000","11,531,000,000","10,822,000,000","9,720,000,000","8,266,000,000","8,126,000,000","8,008,000,000","7,865,000,000","7,337,000,000","7,208,000,000","6,973,000,000","7,024,000,000","7,221,000,000","7,616,000,000","7,833,000,000","7,834,000,000","7,467,000,000","7,966,524,000","8,048,330,000","7,691,600,000","7,288,522,000","7,273,477,000","6,999,681,000","6,834,533,000","6,486,328,000","6,791,508,000","7,086,237,000","6,970,424,000","6,159,845,000","6,554,496,000","6,977,258,000","7,448,601,000","7,717,301,000","5,750,587,000","5,852,213,000","5,795,613,000","6,130,259,000","5,787,853,000","6,579,774,000","6,051,811,000","7,103,742,000","7,745,137,000","6,877,022,000","6,709,548,000","6,070,046,000","8,672,552,000","8,192,371,000","7,650,404,000","7,432,575,000","9,074,445,000","8,121,658,000","7,513,256,000","6,715,180,000","5,611,551,000","5,324,762,000","3,984,441,000","3,674,572,000","3,536,683,000","2,880,938,000","1,370,059,000","1,176,380,000","1,003,721,000","736,356,000","698,098,000","495,030,000"
ShareIssued,"833,000,000","833,000,000","833,000,000","833,000,000","833,000,000","833,000,000","833,000,000","833,000,000","833,000,000","833,000,000","833,000,000","832,000,000","832,000,000","832,000,000","832,000,000","832,000,000","832,000,000","831,000,000","831,480,010","831,000,000","830,000,000","830,000,000","830,199,867","830,139,067","830,126,543","830,051,259","829,921,359","829,707,594","829,658,423","829,280,328","829,106,838","829,034,614","828,728,329","827,273,217","825,994,377","825,289,759","824,852,598","824,297,756","823,446,712","822,918,059","822,724,993","733,249,698","731,668,681","729,950,068","728,656,309","707,507,982","661,140,737","660,733,908","660,337,124","660,322,749","660,312,252","660,324,947","659,136,091","652,831,025","355,476,161","355,465,886","355,423,196","355,271,070","355,148,604","354,867,345","354,814,310","354,492,452","354,381,030","354,365,124","354,317,234","354,179,580","354,168,780","354,160,692","354,160,692","354,160,692"
OrdinarySharesNumber,"764,000,000","764,000,000","764,000,000","764,000,000","764,000,000","764,000,000","764,000,000","764,000,000","764,000,000","764,000,000","768,000,000","770,000,000","773,000,000","775,000,000","784,000,000","788,000,000","789,000,000","789,000,000","790,480,010","791,000,000","792,000,000","795,000,000","794,793,918","794,733,118","794,720,594","794,645,310","795,863,082","797,397,901","798,636,267","798,258,172","801,971,285","806,261,255","810,134,695","818,702,936","820,514,776","824,406,713","824,852,598","824,297,756","823,446,712","822,918,059","822,724,993","733,249,698","731,668,681","729,950,068","728,656,309","707,507,982","661,140,737","660,733,908","660,337,124","660,322,749","660,309,999","660,322,694","659,133,838","652,831,025","355,476,161","355,465,886","355,423,196","355,271,070","355,148,604","354,867,345","354,814,310","354,492,452","354,381,030","354,365,124","354,317,234","354,179,580","354,168,780","354,160,692","354,160,692","354,160,692"
PreferredSharesNumber,,,,,,,,,,,,,,,,,,,,,,,,,,,,,,,,,,,,,,,,,,,"1,871,794","2,406,123","2,437,523","3,614,923","4,089,923","4,089,999","4,089,999","4,089,999","4,089,999","4,089,999","4,372,199","5,196,300",,,,,,,,,,,,,,,,
TreasurySharesNumber,"69,000,000","69,000,000","69,000,000","69,000,000","69,000,000","69,000,000","69,000,000","69,000,000","69,000,000","69,000,000","65,000,000","62,000,000","59,000,000","57,000,000","48,000,000","44,000,000","43,000,000","42,000,000","41,000,000","40,000,000","38,000,000","35,000,000","35,405,949","35,405,949","35,405,949","35,405,949","34,058,277","32,309,693","31,022,156","31,022,156","27,135,553","22,773,359","18,593,634","8,570,281","5,479,601","883,046",,,,,,,,,,,,,,,"2,253","2,253","2,253",,,,,,,,,,,,,,,,,