name,03/31/2022,12/31/2021,09/30/2021,06/30/2021,03/31/2021,12/31/2020,09/30/2020,06/30/2020,03/31/2020,12/31/2019,09/30/2019,06/30/2019,03/31/2019,12/31/2018,09/30/2018,06/30/2018,03/31/2018,12/31/2017,09/30/2017,06/30/2017,03/31/2017,12/31/2016,09/30/2016,06/30/2016,03/31/2016,12/31/2015,09/30/2015,06/30/2015,03/31/2015,12/31/2014,09/30/2014,06/30/2014,03/31/2014,12/31/2013,09/30/2013,06/30/2013,03/31/2013,12/31/2012,09/30/2012,06/30/2012,03/31/2012,12/31/2011,09/30/2011,06/30/2011,03/31/2011,12/31/2010,09/30/2010,06/30/2010,03/31/2010,12/31/2009,09/30/2009,06/30/2009,03/31/2009,12/31/2008,09/30/2008,06/30/2008,03/31/2008,12/31/2007,09/30/2007,06/30/2007,03/31/2007,12/31/2006,09/30/2006,06/30/2006,03/31/2006,12/31/2005,09/30/2005,06/30/2005,03/31/2005,12/31/2004,09/30/2004,06/30/2004,03/31/2004,12/31/2003,09/30/2003,06/30/2003,03/31/2003,12/31/2002,09/30/2002,06/30/2002,03/31/2002,12/31/2001,09/30/2001,06/30/2001,03/31/2001,12/31/2000
TotalAssets,"568,083,000","564,288,000","561,251,000","556,218,000","581,368,000","600,394,000","596,890,000","620,806,000","647,470,000","622,527,000","629,113,000","628,000,000","638,563,000","638,140,000","654,045,000","663,638,000","682,918,000","709,919,000","704,285,000","662,586,000","688,855,000","649,012,000","510,715,000","486,092,000","472,730,000","479,496,000","469,882,000","453,858,000","443,740,000","434,821,000","414,969,000","419,713,000","429,291,000","426,438,000","415,768,000","404,810,000","407,784,000","391,853,000","389,154,000","348,233,000","315,945,000","314,315,000","331,308,000","333,636,000","330,738,000","331,047,000","300,350,000","292,484,000","291,774,000","291,491,000","286,738,000","264,597,000","256,914,000","258,622,000","264,452,000","261,259,000","188,846,000","189,571,000","136,815,000","129,781,000","126,134,000","124,163,000","125,432,000","91,341,000","97,393,000","77,396,000","64,047,000","60,490,000","59,036,000","59,257,000","56,894,000","54,556,000","56,430,000","57,020,000","57,494,000","57,231,000","57,671,000","59,340,000","60,946,000","61,948,000","64,124,000","64,935,000","65,832,000","12,261,000","10,842,000","10,718,000"
	CurrentAssets,"286,768,000","277,291,000","261,671,000","245,699,000","265,819,000","271,702,000","266,518,000","278,756,000","302,714,000","269,749,000","274,868,000","265,240,000","273,982,000","285,775,000","286,982,000","286,733,000","290,933,000","305,628,000","340,998,000","286,984,000","316,471,000","405,799,000","265,965,000","245,931,000","228,349,000","241,356,000","247,523,000","228,361,000","218,239,000","217,805,000","193,331,000","189,860,000","198,250,000","196,761,000","182,607,000","169,979,000","169,858,000","168,871,000","157,119,000","168,366,000","133,788,000","131,233,000","128,226,000","139,580,000","136,276,000","128,943,000","120,212,000","112,288,000","109,538,000","108,170,000","109,284,000","133,850,000","125,263,000","125,648,000","133,483,000","132,869,000","68,009,000","65,574,000","64,638,000","58,125,000","54,406,000","51,596,000","64,138,000","30,715,000","31,768,000","65,192,000","52,046,000","49,097,000","47,294,000","47,355,000","45,199,000","47,512,000","48,331,000","49,108,000","49,840,000","53,820,000","54,152,000","55,536,000","57,146,000","58,674,000","60,852,000","62,548,000","63,644,000","8,437,000","7,410,000","7,840,000"
		CashCashEquivalentsAndShortTermInvestments,"84,285,000","75,595,000","68,779,000","62,494,000","80,549,000","82,082,000","74,536,000","84,878,000","107,016,000","63,297,000","63,062,000","52,009,000","53,423,000","56,373,000","54,440,000","54,908,000","64,471,000","88,950,000","132,405,000","80,303,000","112,862,000","247,570,000","106,502,000","96,284,000","81,285,000","82,469,000","82,201,000","73,238,000","66,999,000","66,558,000","57,806,000","56,018,000","59,589,000","56,106,000","44,192,000","28,910,000","24,354,000","23,057,000","19,500,000","16,957,000","37,416,000","32,816,000","30,776,000","37,746,000","33,899,000","29,388,000","43,549,000","39,902,000","39,444,000","33,551,000","29,623,000","68,549,000","62,225,000","56,915,000","68,976,000","76,709,000","12,600,000","11,916,000","22,447,000","18,352,000","16,784,000","15,392,000","37,155,000","9,493,000","10,000,000","52,209,000","41,814,000","39,870,000","37,813,000","35,743,000","33,740,000","38,641,000","38,941,000","37,635,000","38,638,000","43,302,000","43,548,000","44,918,000","25,662,000","49,591,000","51,571,000","53,086,000","55,942,000","1,523,000","940,000","983,000"
			CashAndCashEquivalents,"84,285,000","75,595,000","68,779,000","62,494,000","80,549,000","82,082,000","74,536,000","84,878,000","107,016,000","63,297,000","63,062,000","52,009,000","53,423,000","56,373,000","54,440,000","54,908,000","64,471,000","88,950,000","132,405,000","80,303,000","103,778,000","213,551,000","81,073,000","96,284,000","81,285,000","82,469,000","82,201,000","73,238,000","66,999,000","66,558,000","57,806,000","56,018,000","59,589,000","56,106,000","44,192,000","28,910,000","24,354,000","23,057,000","19,500,000","16,957,000","37,416,000","32,816,000","30,776,000","37,746,000","33,899,000","28,383,000","42,567,000","38,956,000","38,493,000","32,586,000","28,679,000","67,683,000","61,430,000","56,915,000","68,006,000","65,696,000","12,600,000","11,916,000","22,447,000","17,834,000","16,784,000","15,392,000","37,155,000","9,493,000","10,000,000","40,046,000","28,167,000","27,183,000","26,154,000","16,239,000","10,662,000","5,897,000","8,602,000","9,435,000","8,533,000","13,280,000","9,631,000","17,768,000","25,662,000","23,751,000","15,774,000","30,351,000","55,942,000","1,213,000","630,000","681,000"
			OtherShortTermInvestments,,,,,,,,,,,,,,,,,,"0","0","0","9,084,000","34,019,000","25,429,000",,,,,,,,,,,,,,,,,,,"0","0","0","0","1,005,000","982,000","946,000","951,000","965,000","944,000","866,000","795,000",,"970,000","11,013,000",,,,"518,000",,,,,,"12,163,000","13,647,000","12,687,000","11,659,000","19,504,000","23,078,000","32,744,000","30,339,000","28,200,000","30,105,000","30,022,000","33,917,000","27,150,000",,"25,840,000","35,797,000","22,735,000",,"310,000","310,000","302,000"
		Receivables,"103,714,000","111,760,000","97,370,000","92,793,000","91,326,000","93,133,000","84,107,000","89,230,000","101,219,000","115,889,000","108,964,000","106,934,000","110,900,000","127,041,000","121,113,000","122,971,000","128,056,000","126,809,000","116,666,000","114,063,000","114,386,000","86,638,000","84,870,000","93,102,000","90,013,000","99,080,000","88,905,000","83,341,000","81,990,000","82,277,000","79,485,000","76,910,000","79,933,000","82,110,000","84,803,000","87,557,000","93,005,000","89,960,000","82,030,000","58,137,000","56,822,000","55,260,000","48,693,000","53,772,000","52,141,000","54,782,000","41,018,000","38,576,000","36,403,000","43,750,000","41,660,000","34,019,000","30,747,000","36,242,000","33,888,000","28,255,000","27,909,000","27,018,000","21,783,000","22,321,000","19,690,000","20,347,000","16,107,000","12,303,000","12,880,000","8,460,000","5,879,000","4,990,000","5,426,000","6,640,000","6,567,000","4,466,000","4,426,000","5,682,000","4,892,000","4,277,000","4,403,000","5,395,000","4,233,000","4,416,000","4,220,000","5,209,000","4,054,000","3,985,000","3,313,000","4,400,000"
			AccountsReceivable,"103,714,000","111,760,000","97,370,000","92,793,000","91,326,000","93,133,000","84,107,000","89,230,000","101,219,000","115,889,000","108,964,000","106,934,000","110,900,000","127,041,000","121,113,000","122,971,000","128,056,000","126,809,000","116,666,000","114,063,000","114,386,000","86,638,000","84,870,000","93,102,000","90,013,000","99,080,000","88,905,000","83,341,000","81,990,000","82,277,000","79,485,000","76,910,000","79,933,000","82,110,000","84,803,000","87,557,000","93,005,000","89,960,000","82,030,000","58,137,000","56,822,000","55,260,000","48,693,000","53,772,000","52,141,000","54,782,000","41,018,000","38,576,000","36,403,000","43,750,000","41,660,000","34,019,000","30,747,000","36,242,000","33,888,000","28,255,000","27,909,000","27,018,000","21,783,000","22,321,000","19,690,000","20,347,000","16,107,000","12,303,000","12,880,000","8,460,000","5,879,000","4,990,000","5,426,000","6,640,000","6,567,000","4,466,000","4,426,000","5,682,000","4,892,000","4,277,000","4,403,000","5,395,000","4,233,000","4,416,000","4,220,000","5,209,000","4,054,000","3,985,000","3,313,000","4,400,000"
				GrossAccountsReceivable,"108,691,000","117,031,000","103,350,000","98,923,000","97,411,000","99,346,000","90,776,000","96,769,000","108,510,000","123,273,000","118,011,000","115,513,000","118,351,000","134,001,000","127,416,000","129,546,000","136,256,000","135,787,000","126,837,000","123,246,000","119,407,000","90,820,000","89,576,000","98,278,000","94,946,000","103,766,000","93,503,000","87,799,000","86,300,000","86,601,000","83,387,000","80,431,000","83,551,000","85,072,000","88,666,000","90,903,000","96,323,000","92,577,000","83,728,000","59,828,000","58,100,000","56,201,000","49,649,000","55,174,000","53,731,000","56,425,000",,,,,,,,,,,,,,,,,,,,,,,,,,,,,,,,,,,,,,,,
				AllowanceForDoubtfulAccountsReceivable,"-4,977,000","-5,271,000","-5,980,000","-6,130,000","-6,085,000","-6,213,000","-6,669,000","-7,539,000","-7,291,000","-7,384,000","-9,047,000","-8,579,000","-7,451,000","-6,960,000","-6,303,000","-6,575,000","-8,200,000","-8,978,000","-10,171,000","-9,183,000","-5,021,000","-4,182,000","-4,706,000","-5,176,000","-4,933,000","-4,686,000","-4,598,000","-4,458,000","-4,310,000","-4,324,000","-3,902,000","-3,521,000","-3,618,000","-2,962,000","-3,863,000","-3,346,000","-3,318,000","-2,617,000","-1,698,000","-1,691,000","-1,278,000","-941,000","-956,000","-1,402,000","-1,590,000","-1,643,000",,,,,,,,,,,,,,,,,,,,,,,,,,,,,,,,,,,,,,,,
		Inventory,"72,238,000","67,745,000","71,545,000","68,350,000","69,467,000","75,650,000","80,135,000","83,589,000","74,808,000","71,368,000","75,107,000","78,275,000","82,866,000","79,736,000","80,586,000","76,630,000","74,543,000","71,529,000","69,322,000","69,278,000","67,684,000","49,587,000","51,654,000","43,620,000","45,691,000","48,572,000","46,108,000","44,873,000","41,371,000","40,051,000","37,115,000","35,503,000","35,455,000","37,685,000","39,376,000","38,906,000","38,028,000","40,756,000","40,755,000","25,685,000","29,385,000","33,389,000","40,269,000","39,399,000","39,642,000","37,627,000","26,298,000","25,540,000","25,144,000","22,408,000","29,544,000","24,021,000","25,525,000","25,009,000","23,233,000","20,627,000","20,557,000","19,264,000","15,662,000","13,795,000","13,421,000","11,743,000","8,912,000","8,321,000","7,439,000","3,482,000","3,888,000","3,717,000","3,474,000","4,347,000","4,379,000","3,956,000","4,302,000","5,263,000","5,561,000","5,421,000","5,287,000","4,560,000","4,337,000","3,972,000","4,201,000","3,598,000","3,054,000","2,500,000","2,782,000","2,194,000"
			RawMaterials,"25,092,000","20,750,000","21,349,000","19,341,000","18,874,000","22,583,000",,,,,,,,,,,,,,,,,,,,,,,,,,,,,,,,,,,,,,,,,"11,361,000","10,217,000","10,765,000","11,506,000","11,554,000","13,268,000","13,538,000","13,051,000","13,328,000","12,246,000","11,594,000","12,186,000","10,761,000","10,250,000","9,698,000","7,246,000","5,327,000","3,716,000","3,694,000","1,695,000","1,671,000","1,811,000","1,810,000","1,968,000","1,890,000","1,987,000","2,066,000","2,654,000","2,679,000","2,726,000","3,040,000","2,831,000",,,"3,017,000","2,497,000","1,787,000","1,120,000","935,000","1,017,000"
			WorkInProcess,"2,739,000","2,825,000","2,746,000","1,841,000","3,327,000","2,294,000",,,,,,,,,,,,,,,,,,,,,,,,,,,,,,,,,,,,,,,,,,,,,,,,,,,,,,,,,,,,,,,,,,,,,,,,,,,,,,,,
			FinishedGoods,"59,011,000","57,836,000","59,535,000","60,362,000","61,977,000","65,695,000",,,,,,,,,,,,,,,,,,,,,,,,,,,,,,,,,,,,,,,,,"19,372,000","18,895,000","17,597,000","14,994,000","17,990,000","10,753,000","11,987,000","11,958,000","9,905,000","8,381,000","8,963,000","7,078,000","4,901,000","3,545,000","3,723,000","4,497,000","3,585,000","4,605,000","3,745,000","1,787,000","2,217,000","1,906,000","1,664,000","2,379,000","2,489,000","1,969,000","2,236,000","2,609,000","2,882,000","2,695,000","2,247,000","1,729,000",,,"1,184,000","1,101,000","1,267,000","1,380,000","1,847,000","1,177,000"
			InventoriesAdjustmentsAllowances,"-14,604,000","-13,666,000","-12,085,000","-13,194,000","-14,711,000","-14,922,000",,,,,,,,,,,,,,,,,,,,,,,,,,,,,,,,,,,,,,,,,"-4,435,000","-3,572,000","-3,218,000","-4,092,000",,,,,,,,,,,,,,,,,,,,,,,,,,,,,,,,,,,,
		PrepaidAssets,"26,531,000","22,191,000","23,977,000","22,062,000","24,477,000","20,837,000","27,740,000","21,059,000","19,671,000","19,195,000","27,735,000","28,022,000","26,793,000","22,625,000","30,843,000","32,224,000","23,863,000","18,340,000","22,605,000","23,340,000","21,539,000","22,004,000","22,939,000","12,925,000","11,360,000","11,235,000","18,861,000","15,438,000","16,394,000","17,408,000","10,386,000","12,369,000","14,218,000","11,904,000","5,835,000","5,975,000","5,795,000","6,379,000","9,489,000","62,560,000","5,140,000","4,743,000","4,441,000","4,808,000","6,303,000","4,954,000","4,977,000","4,079,000","4,234,000","4,213,000","4,214,000","3,179,000","2,684,000","3,554,000","3,412,000","3,304,000","2,969,000","3,402,000","2,506,000","2,285,000","2,271,000","1,874,000","1,402,000","598,000","848,000","1,041,000","465,000","520,000","581,000","625,000","513,000","449,000","662,000","528,000","749,000","820,000","914,000","663,000","840,000","695,000","860,000","655,000","594,000","429,000","375,000","263,000"
		RestrictedCash,,,,,,,,,,,,,,,,,,,,,,,,,,,,,,,,,,,,,,,,,,,,,,,,,,,,,,,,,,,,,,,,,,,,,,,,,,,,,,,"22,074,000",,,,,,,
		CurrentDeferredAssets,,,,,,,,,,,,,,,,,,,,,,,,,,,"11,448,000","11,471,000","11,485,000","11,511,000","8,539,000","9,060,000","9,055,000","8,956,000","8,400,000","8,631,000","8,676,000","8,719,000","5,345,000","5,027,000","5,025,000","5,025,000","4,047,000","3,855,000","4,291,000","2,192,000","4,370,000","4,191,000","4,313,000","4,248,000","4,243,000","4,082,000","4,082,000","3,928,000","3,974,000","3,974,000","3,974,000","3,974,000","2,240,000","1,372,000","2,240,000","2,240,000","562,000",,"601,000",,,,,,,,,,,,,,,,,,,,,
			CurrentDeferredTaxesAssets,,,,,,,,,,,,,,,,,,,,,,,,,,,"11,448,000","11,471,000","11,485,000","11,511,000","8,539,000","9,060,000","9,055,000","8,956,000","8,400,000","8,631,000","8,676,000","8,719,000","5,345,000","5,027,000","5,025,000","5,025,000","4,047,000","3,855,000","4,291,000","2,192,000","4,370,000","4,191,000","4,313,000","4,248,000","4,243,000","4,082,000","4,082,000","3,928,000","3,974,000","3,974,000","3,974,000","3,974,000","2,240,000","1,372,000","2,240,000","2,240,000","562,000",,"601,000",,,,,,,,,,,,,,,,,,,,,
		OtherCurrentAssets,,"22,191,000","23,977,000",,,"20,837,000","27,740,000","21,059,000","19,671,000","19,204,000","27,735,000","28,022,000","24,006,000","22,625,000","30,843,000","32,224,000","23,863,000","18,340,000","22,605,000","23,340,000","21,539,000","22,004,000","22,789,000","12,925,000",,"25,425,000","30,309,000","26,909,000","27,879,000","29,133,000","18,925,000","21,429,000","23,273,000","20,822,000","1,000",,,,,,,,,,,,,,,,,,,,,,,,,,,,,,,,,,,,,,,,,,,,,,,,,,,
	TotalNonCurrentAssets,"281,315,000","286,997,000","299,580,000","310,519,000","315,549,000","328,692,000","330,372,000","342,050,000","344,756,000","352,778,000","354,245,000","362,760,000","364,581,000","352,365,000","367,063,000","376,905,000","391,985,000","404,291,000","363,287,000","375,602,000","372,384,000","243,213,000","244,750,000","240,161,000","244,381,000","238,140,000","222,359,000","225,497,000","225,501,000","217,016,000","221,638,000","229,853,000","231,041,000","229,677,000","233,161,000","234,831,000","237,926,000","222,982,000","232,035,000","179,867,000","182,157,000","183,082,000","203,082,000","194,056,000","194,462,000","202,104,000","180,138,000","180,196,000","182,236,000","183,321,000","177,454,000","130,747,000","131,651,000","132,974,000","130,969,000","128,390,000","120,837,000","123,997,000","72,177,000","71,656,000","71,728,000","72,567,000","61,294,000","60,626,000","65,625,000","12,204,000","12,001,000","11,393,000","11,742,000","11,902,000","11,695,000","7,044,000","8,099,000","7,912,000","7,654,000","3,411,000","3,519,000","3,804,000","3,800,000","3,274,000","3,272,000","2,387,000","2,188,000","3,824,000","3,432,000","2,878,000"
		NetPPE,"29,418,000","31,071,000","32,783,000","34,498,000","34,058,000","36,185,000","36,205,000","39,599,000","40,465,000","39,748,000","41,154,000","43,764,000","45,262,000","22,913,000","21,564,000","21,645,000","22,618,000","22,071,000","20,677,000","20,853,000","20,896,000","17,333,000","18,127,000","17,174,000","17,624,000","16,967,000","17,976,000","18,351,000","18,214,000","17,923,000","19,345,000","21,108,000","21,530,000","23,295,000","24,425,000","25,842,000","25,994,000","26,512,000","28,511,000","26,840,000","26,109,000","25,350,000","24,949,000","24,819,000","24,118,000","23,408,000","15,771,000","15,417,000","15,539,000","14,066,000","13,980,000","13,990,000","14,090,000","14,002,000","15,257,000","15,276,000","14,481,000","14,504,000","8,024,000","8,198,000","8,452,000","7,897,000","7,510,000","9,229,000","8,752,000","2,116,000","2,293,000","2,348,000","2,514,000","2,503,000","2,549,000","2,355,000","2,942,000","2,668,000","2,525,000","1,906,000","2,017,000","2,247,000","2,219,000","1,654,000","1,657,000","1,757,000","1,500,000","1,375,000","1,407,000","1,308,000"
			GrossPPE,"63,894,000","64,381,000","64,807,000","65,284,000","63,609,000","66,911,000","72,763,000","82,628,000","83,157,000","81,799,000","82,978,000","84,847,000","87,071,000","62,646,000","61,298,000","59,367,000","60,136,000","58,510,000","54,244,000","54,809,000","54,410,000","49,352,000","49,605,000","48,405,000","48,171,000","46,495,000","47,183,000","46,584,000","45,366,000","44,627,000","45,265,000","47,506,000","46,654,000","47,757,000","52,780,000","53,318,000","52,486,000","52,463,000","52,715,000","49,915,000","48,429,000","46,696,000","45,610,000","44,133,000","42,673,000","41,052,000","32,724,000","31,448,000","30,985,000","28,848,000","28,136,000","26,924,000","26,230,000","24,844,000","24,943,000","24,143,000","22,765,000","22,171,000","15,792,000","15,311,000","15,247,000","14,181,000","13,464,000","16,540,000","15,630,000","8,920,000","7,779,000","7,834,000","8,000,000","7,989,000","7,128,000","6,934,000","7,521,000","7,247,000","5,958,000","5,339,000","5,450,000","5,680,000","4,829,000",,"4,267,000","4,367,000","3,310,000","1,375,000","3,417,000","3,118,000"
				Properties,"0","0","0","0","0","0","0","0","0","0","0","0","0","0","0","0","0","0","0","0","0","0","0","0","0","0","0","0","0","0","0","0","0","0","0","0","0","0","0","0","0","0","0","0","0","0","0","0","0","0","0","0","0","0","0","0","0","0","0","0","0","0","0","0","0","0",,,,"0",,,,"0",,,,"0",,,,"0",,,"0","0"
				LandAndImprovements,"1,781,000","1,782,000","1,785,000","1,788,000","1,786,000","1,792,000","1,728,000","1,720,000","1,719,000","1,719,000","1,718,000","1,720,000","1,677,000","1,828,000","1,828,000","1,828,000","2,797,000","2,815,000","2,833,000","2,845,000","2,864,000","2,856,000","2,865,000","2,866,000","2,879,000","2,918,000","3,044,000","3,062,000","3,076,000","3,092,000","3,097,000","4,018,000","4,023,000","4,371,000","4,232,000","4,286,000","4,332,000","4,371,000","4,326,000","4,371,000","4,404,000","4,420,000","4,442,000","4,470,000","4,485,000","4,903,000","3,403,000","3,403,000","3,403,000","3,403,000","3,403,000","3,480,000","3,480,000","3,480,000","3,956,000","3,956,000","3,956,000","3,956,000","900,000","900,000","900,000","900,000","900,000","3,729,000","3,729,000",,,,,,,,,,,,,"298,000",,,,"369,000",,,"1,152,000",
				BuildingsAndImprovements,"7,209,000","7,238,000","7,244,000","7,235,000","7,144,000","7,365,000","7,061,000","7,039,000","6,878,000","6,943,000","6,629,000","6,778,000","6,184,000","7,036,000","4,900,000","4,913,000","5,021,000","5,096,000","5,205,000","5,234,000","5,279,000","5,219,000","5,335,000","5,344,000","5,454,000","5,662,000","6,462,000","6,574,000","6,621,000","6,828,000","6,907,000","9,454,000","9,490,000","11,556,000","10,737,000","11,009,000","11,138,000","11,422,000","11,511,000","10,575,000","10,773,000","10,864,000","10,997,000","11,161,000","11,254,000","10,904,000","4,691,000","4,691,000","4,691,000","4,691,000","4,693,000","4,766,000","4,766,000","5,729,000","6,747,000","6,655,000","6,468,000","6,421,000","3,055,000","3,055,000","3,055,000","3,028,000","2,707,000","2,707,000","2,707,000","499,000",,,,"466,000",,,,"458,000",,,,,,,,,,,"228,000","228,000"
				MachineryFurnitureEquipment,"32,687,000","31,945,000","31,856,000","31,697,000","30,838,000","32,394,000","38,588,000","37,934,000","37,246,000","35,429,000","35,135,000","36,360,000","39,815,000","36,290,000","37,543,000","36,564,000","36,770,000","35,372,000","30,635,000","31,062,000","32,339,000","27,498,000","27,167,000","26,229,000","26,046,000","24,354,000","24,092,000","23,473,000","22,580,000","21,660,000","21,290,000","20,986,000","20,789,000","21,548,000","23,063,000","23,159,000","22,432,000","21,715,000","33,668,000","31,868,000","30,316,000","28,597,000","27,456,000","25,946,000","24,493,000","22,722,000","22,649,000","21,426,000","21,231,000","12,989,000","18,579,000","13,095,000","12,401,000","11,026,000","14,240,000","9,732,000","12,341,000","8,576,000","8,295,000","7,855,000","7,821,000","7,231,000","7,375,000","10,104,000","9,194,000","8,421,000",,,,"4,985,000",,,,"6,789,000",,,,"5,382,000","4,829,000",,,"3,998,000",,"1,375,000","2,037,000","2,890,000"
				OtherProperties,"14,488,000","15,694,000","16,227,000","17,121,000","16,463,000","17,310,000","17,389,000","27,181,000","28,617,000","29,044,000","31,017,000","32,373,000","34,692,000","12,843,000","12,397,000","12,142,000","12,186,000","11,932,000","11,865,000","11,732,000","11,463,000","11,393,000","11,838,000","11,574,000","11,439,000","11,216,000","11,166,000","11,079,000","10,813,000","10,929,000","11,993,000","10,138,000","9,557,000","7,491,000","11,372,000","11,203,000","10,925,000","11,505,000",,,,,,,,,,,,,,,,"4,609,000",,"3,800,000",,"3,218,000","3,542,000","3,501,000","3,471,000","3,022,000","2,482,000",,,,,,,"2,538,000",,,,,,,,,,,,,,,,
				Leases,"7,729,000","7,722,000","7,695,000","7,443,000","7,378,000","8,050,000","7,997,000","8,754,000","8,697,000","8,664,000","8,479,000","7,616,000","4,703,000","4,649,000","4,630,000","3,920,000","3,362,000","3,295,000","3,706,000","3,936,000","2,465,000","2,386,000","2,400,000","2,392,000","2,353,000","2,345,000","2,419,000","2,396,000","2,276,000","2,118,000","1,978,000","2,910,000","2,795,000","2,791,000","3,376,000","3,661,000","3,659,000","3,450,000","3,210,000","3,101,000","2,936,000","2,815,000","2,715,000","2,556,000","2,441,000","2,523,000","1,981,000","1,928,000","1,660,000","7,765,000","1,461,000","5,583,000","5,583,000",,,,,,,,,,,,,,,,,,,,,,,,,,,,,,,,,
			AccumulatedDepreciation,"-34,476,000","-33,310,000","-32,024,000","-30,786,000","-29,551,000","-30,726,000","-36,558,000","-43,029,000","-42,692,000","-42,051,000","-41,824,000","-41,083,000","-41,809,000","-39,733,000","-39,734,000","-37,722,000","-37,518,000","-36,439,000","-33,567,000","-33,956,000","-33,514,000","-32,019,000","-31,478,000","-31,231,000","-30,547,000","-29,528,000","-29,207,000","-28,233,000","-27,152,000","-26,704,000","-25,920,000","-26,398,000","-25,124,000","-24,462,000","-28,355,000","-27,476,000","-26,492,000","-25,951,000","-24,204,000","-23,075,000","-22,320,000","-21,346,000","-20,661,000","-19,314,000","-18,555,000","-17,644,000","-16,953,000","-16,031,000","-15,446,000","-14,782,000","-14,156,000","-12,934,000","-12,140,000","-10,842,000","-9,686,000","-8,867,000","-8,284,000","-7,667,000","-7,768,000","-7,113,000","-6,795,000","-6,284,000","-5,954,000","-7,311,000","-6,878,000","-6,804,000","-5,486,000","-5,486,000","-5,486,000","-5,486,000","-4,579,000","-4,579,000","-4,579,000","-4,579,000","-3,433,000","-3,433,000","-3,433,000","-3,433,000","-2,610,000",,"-2,610,000","-2,610,000","-1,810,000",,"-2,010,000","-1,810,000"
		GoodwillAndOtherIntangibleAssets,"208,119,000","214,170,000","222,895,000","230,536,000","234,762,000","244,040,000","241,746,000","249,901,000","253,374,000","261,166,000","265,152,000","274,725,000","279,595,000","287,097,000","318,618,000","326,109,000","340,786,000","345,580,000","321,454,000","320,824,000","316,639,000","190,277,000","194,693,000","192,173,000","196,413,000","194,002,000","195,588,000","198,785,000","198,758,000","189,077,000","192,623,000","199,460,000","199,070,000","196,058,000","199,699,000","200,544,000","202,251,000","188,642,000","195,556,000","146,116,000","149,273,000","150,786,000","172,885,000","164,544,000","165,740,000","166,247,000","157,757,000","158,861,000","160,718,000","162,402,000","160,713,000","116,757,000","117,561,000","118,587,000","115,423,000","113,073,000","106,329,000","109,138,000","63,604,000","62,928,000","63,210,000","63,087,000","52,503,000","50,548,000","56,114,000","10,010,000","9,679,000","9,013,000","9,196,000","9,367,000","9,115,000","4,642,000","4,740,000","4,792,000",,,,,,,,,,,,
			Goodwill,"148,304,000","148,657,000","149,293,000","150,482,000","149,761,000","151,299,000","147,716,000","145,917,000","145,028,000","146,367,000","146,144,000","147,740,000","147,390,000","147,644,000","162,995,000","163,550,000","173,297,000","172,998,000","182,673,000","176,718,000","185,849,000","113,112,000","111,918,000","110,864,000","112,921,000","107,466,000","108,401,000","108,516,000","109,327,000","96,316,000","97,108,000","100,931,000","100,929,000","97,238,000","97,323,000","97,364,000","97,220,000","92,048,000","99,348,000","80,394,000","80,342,000","80,375,000","99,683,000","96,846,000","97,015,000","96,819,000","91,907,000","91,958,000","92,086,000","92,258,000","89,951,000","60,995,000","60,955,000","60,858,000","59,704,000","58,798,000","53,128,000","54,961,000","28,305,000","26,987,000","26,600,000","25,790,000","22,372,000","21,675,000","26,692,000",,,,"6,674,000","6,848,000",,,,,,,,,,,,,,,,
			OtherIntangibleAssets,"59,815,000","65,513,000","73,602,000","80,054,000","85,001,000","92,741,000","94,030,000","103,984,000","108,346,000","114,799,000","119,008,000","126,985,000","132,205,000","139,453,000","155,623,000","162,559,000","167,489,000","172,582,000","138,781,000","144,106,000","130,790,000","77,165,000","82,775,000","81,309,000","83,492,000","86,536,000","87,187,000","90,269,000","89,431,000","92,761,000","95,515,000","98,529,000","98,141,000","98,820,000","102,376,000","103,180,000","105,031,000","96,594,000","96,208,000","65,722,000","68,931,000","70,411,000","73,202,000","67,698,000","68,725,000","69,428,000","65,850,000","66,903,000","68,632,000","70,144,000","70,762,000","55,762,000","56,606,000","57,729,000","55,719,000","54,275,000","53,201,000","54,177,000","35,299,000","35,941,000","36,610,000","37,297,000","30,131,000","28,873,000","29,422,000","10,010,000","9,679,000","9,013,000","2,522,000","2,519,000","9,115,000","4,642,000","4,740,000","4,792,000",,,,,,,,,,,,
		NonCurrentDeferredAssets,"23,548,000","23,161,000","26,296,000","26,349,000","26,321,000","27,563,000","28,749,000","30,204,000","30,176,000","30,355,000","21,955,000","19,187,000","19,165,000","22,639,000","10,135,000","10,296,000","10,632,000","10,709,000","2,204,000","14,714,000","14,678,000","14,915,000","12,694,000","12,809,000","12,695,000","12,782,000",,,,,,,,,,,,,,,,,,,,,,,,,,,,,,,,,,,,,"410,000",,,,,,,,,,,,,,,,,,,,,,,
			NonCurrentDeferredTaxesAssets,"23,548,000","23,161,000","26,296,000","26,349,000","26,321,000","27,563,000","28,749,000","30,204,000","30,176,000","30,355,000","21,955,000","19,187,000","19,165,000","22,639,000","10,135,000","10,296,000","10,632,000","10,709,000","2,204,000","14,714,000","14,678,000","14,915,000","12,694,000","12,809,000","12,695,000","12,782,000",,,,,,,,,,,,,,,,,,,,,,,,,,,,,,,,,,,,,"410,000",,,,,,,,,,,,,,,,,,,,,,,
		OtherNonCurrentAssets,"20,230,000","18,595,000","17,606,000","19,136,000","20,408,000","20,904,000","23,672,000","22,346,000","20,741,000","21,509,000","25,984,000","25,084,000","20,559,000","19,716,000","16,746,000","18,855,000","17,949,000","25,931,000","18,952,000","19,211,000","20,171,000","20,688,000","19,236,000","18,005,000","17,649,000","14,389,000","8,795,000","8,361,000","8,529,000","10,016,000","9,670,000","9,285,000","10,441,000","10,324,000","9,037,000","8,445,000","9,681,000","7,828,000","7,968,000","6,911,000","6,775,000","6,946,000","5,248,000","4,693,000","4,604,000","12,449,000","6,610,000","5,918,000","5,979,000","6,853,000","2,761,000",,,"385,000","289,000","41,000","27,000","355,000","549,000","530,000","66,000","1,583,000","871,000","849,000","759,000","78,000","29,000","32,000","32,000","32,000","31,000","47,000","417,000","452,000","5,129,000","1,505,000","1,502,000","1,557,000","1,581,000","1,620,000","1,615,000","630,000","688,000","2,449,000","2,025,000","1,570,000"
TotalLiabilitiesNetMinorityInterest,"137,189,000","139,538,000","138,729,000","138,391,000","172,436,000","189,300,000","201,423,000","225,333,000","249,317,000","206,404,000","222,955,000","226,443,000","270,862,000","239,696,000","244,086,000","256,104,000","266,088,000","287,822,000","279,266,000","236,095,000","268,444,000","231,638,000","101,330,000","89,875,000","80,378,000","88,786,000","89,121,000","80,092,000","85,175,000","82,106,000","83,144,000","89,301,000","109,474,000","120,120,000","127,056,000","125,452,000","134,852,000","123,101,000","129,299,000","88,968,000","56,268,000","56,587,000","56,314,000","58,508,000","61,083,000","67,792,000","44,207,000","43,578,000","48,409,000","48,335,000","48,432,000","31,978,000","28,671,000","32,128,000","35,381,000","37,615,000","70,807,000","73,853,000","25,025,000","22,369,000","23,254,000","23,137,000","26,148,000","23,705,000","31,551,000","8,431,000","7,249,000","5,629,000","5,063,000","6,528,000","6,021,000","5,411,000","4,302,000","4,388,000","5,450,000","4,260,000","3,837,000","4,653,000","4,681,000","4,203,000","4,841,000","3,906,000","4,015,000","32,425,000","30,267,000","29,001,000"
	CurrentLiabilities,"112,855,000","114,601,000","103,801,000","102,463,000","136,476,000","145,752,000","132,008,000","132,230,000","142,089,000","142,821,000","146,896,000","137,661,000","161,314,000","133,446,000","109,426,000","95,819,000","95,069,000","92,137,000","80,933,000","86,237,000","85,536,000","79,941,000","89,152,000","77,404,000","67,789,000","77,108,000","73,583,000","66,370,000","71,389,000","69,140,000","69,388,000","70,226,000","74,019,000","80,071,000","75,431,000","71,951,000","112,725,000","98,606,000","94,478,000","57,498,000","41,279,000","40,717,000","41,026,000","42,393,000","44,050,000","45,021,000","29,254,000","29,126,000","32,923,000","33,202,000","35,588,000","23,295,000","19,759,000","23,312,000","26,292,000","28,414,000","45,563,000","46,411,000","20,891,000","18,082,000","18,967,000","20,793,000","26,148,000","16,454,000","16,739,000","7,697,000","6,409,000","5,629,000","5,063,000","6,529,000","6,021,000","5,411,000","4,302,000","4,388,000","5,450,000","4,260,000","3,837,000","4,653,000","4,681,000","4,203,000","4,841,000","3,906,000","4,015,000","6,506,000","4,695,000","3,775,000"
		PayablesAndAccruedExpenses,"81,527,000","55,764,000","72,897,000","72,145,000","70,278,000","42,061,000","66,631,000","70,511,000","78,539,000","48,309,000","86,753,000","76,840,000","76,260,000","46,886,000","72,610,000","78,927,000","78,454,000","43,008,000","66,242,000","71,424,000","70,725,000","29,861,000","55,818,000","56,142,000","56,329,000","38,659,000","63,392,000","55,258,000","59,375,000","38,567,000","49,722,000","48,408,000","51,807,000","41,068,000","52,419,000","49,818,000","56,839,000","47,440,000","66,885,000","35,258,000","32,992,000","25,473,000","33,234,000","35,661,000","37,370,000","40,121,000","23,759,000","24,129,000","27,846,000","28,319,000","31,271,000","19,639,000","15,765,000","19,270,000","21,947,000","21,019,000","20,551,000","23,125,000","18,876,000","16,120,000","16,797,000","18,706,000","17,213,000","11,992,000","12,676,000","7,258,000","6,092,000","5,400,000","4,706,000","6,250,000","5,720,000","5,099,000","3,976,000","3,888,000","4,586,000","3,945,000","3,474,000","4,248,000","4,229,000","3,349,000","3,518,000","3,594,000","3,762,000","4,144,000","4,346,000","3,444,000"
			Payables,"34,342,000","39,002,000","28,322,000","26,892,000","24,486,000","26,172,000","27,597,000","31,654,000","33,284,000","30,261,000","30,096,000","25,235,000","25,103,000","34,312,000","20,595,000","24,053,000","24,388,000","27,666,000","17,961,000","26,762,000","26,073,000","18,700,000","17,107,000","18,836,000","19,418,000","23,660,000","24,199,000","19,270,000","22,253,000","21,371,000","26,530,000","24,979,000","26,057,000","29,777,000","26,497,000","25,811,000","29,249,000","32,537,000","31,885,000","15,809,000","15,825,000","17,927,000","15,778,000","16,952,000","18,716,000","21,684,000","9,971,000","9,598,000","11,293,000","11,074,000","12,431,000","7,357,000","6,842,000","7,375,000","7,667,000","8,767,000","8,884,000","9,763,000","7,047,000","7,242,000","7,933,000","8,236,000","5,228,000","3,066,000","4,410,000","1,817,000","1,677,000","1,344,000","616,000","1,947,000","1,571,000","1,596,000","1,543,000","1,659,000","2,202,000","1,401,000","1,120,000","1,788,000","1,502,000","807,000","1,009,000","892,000","1,218,000","1,297,000","1,826,000","750,000"
				AccountsPayable,"34,342,000","36,405,000","28,322,000","26,892,000","24,486,000","23,429,000","27,597,000","31,654,000","33,284,000","27,253,000","30,096,000","25,235,000","25,103,000","28,805,000","20,595,000","24,053,000","24,388,000","25,242,000","17,961,000","26,762,000","26,073,000","18,700,000","17,107,000","18,836,000","19,418,000","23,660,000","24,199,000","19,270,000","22,253,000","21,371,000","26,530,000","24,979,000","26,057,000","29,777,000","26,497,000","25,811,000","29,249,000","32,537,000","31,885,000","15,809,000","15,825,000","16,365,000","15,778,000","16,952,000","18,716,000","21,684,000","9,971,000","9,598,000","11,293,000","11,074,000","12,431,000","7,357,000","6,842,000","7,375,000","7,667,000","8,767,000","8,884,000","9,763,000","7,047,000","7,242,000","7,933,000","8,236,000","5,228,000","3,066,000","4,410,000","1,817,000","1,677,000","1,344,000","616,000","1,947,000","1,571,000","1,596,000","1,543,000","1,659,000","2,202,000","1,401,000","1,120,000","1,788,000","1,502,000","807,000","1,009,000","892,000","1,218,000","1,297,000","1,826,000","750,000"
				TotalTaxPayable,,,,,,,,,,,,,,,,,,,,,,,,,,,,,,,,,,,,,,,,,,"1,562,000",,,,,,,,,,,,,,,,,,,,,,,,,,,,,,,,,,,,,,,,,,,,
				DuetoRelatedPartiesCurrent,,"2,597,000",,,,"2,743,000",,,,"3,008,000",,,,"5,507,000",,,,"2,424,000",,,,,,,,,,,,,,,,,,,,,,,,,,,,,,,,,,,,,,,,,,,,,,,,,,,,,,,,,,,,,,,,,,,,
			CurrentAccruedExpenses,"47,185,000","16,762,000","44,575,000","45,253,000","45,792,000","15,889,000","39,034,000","38,857,000","45,255,000","18,048,000","56,657,000","51,605,000","51,157,000","12,574,000","52,015,000","54,874,000","54,066,000","15,342,000","48,281,000","44,662,000","44,652,000","11,161,000","38,711,000","37,306,000","36,911,000","14,999,000","39,193,000","35,988,000","37,122,000","17,196,000","23,192,000","23,429,000","25,750,000","11,291,000","25,922,000","24,007,000","27,590,000","14,903,000","35,000,000","19,449,000","17,167,000","7,546,000","17,456,000","18,709,000","18,654,000","18,437,000","13,788,000","14,531,000","16,553,000","17,245,000","18,840,000","12,282,000","8,923,000","11,895,000","14,280,000","12,252,000","11,667,000","13,362,000","11,829,000","8,878,000","8,864,000","10,470,000","11,985,000","8,926,000","8,266,000","5,441,000","4,415,000","4,056,000","4,090,000","4,303,000","4,149,000","3,503,000","2,433,000","2,229,000","2,384,000","2,544,000","2,354,000","2,460,000","2,727,000","2,542,000","2,509,000","2,702,000","2,544,000","2,847,000","2,520,000","2,694,000"
		CurrentProvisions,,"6,042,000",,,,"5,195,000",,,,"6,404,000",,,,"9,391,000",,,,"10,995,000",,,,"10,670,000",,,,"10,386,000",,,,"2,753,000",,,,"3,142,000",,,,"2,260,000",,,,,,,,,,,,,,,,,,,,,,,,,,,,,,,,,,,,,,,,,,,,,,,,
		PensionandOtherPostRetirementBenefitPlansCurrent,,"22,734,000",,,,"20,409,000",,,,"26,991,000",,,,"24,891,000",,,,"22,816,000",,,,"16,064,000",,,,"16,752,000",,,,"16,075,000",,,,"12,398,000",,,,"15,775,000",,,,"7,452,000",,,,,,,,,,,,,,,,,,,,,,,,,,,,,,,,,,,,,,,,,,,,
		CurrentDebtAndCapitalLeaseObligation,"4,482,000","4,964,000","5,167,000","5,853,000","42,529,000","56,779,000","45,343,000","40,533,000","40,727,000","40,871,000","40,901,000","40,960,000","41,251,000","35,000,000","20,000,000",,,,,,,,,"10,000,000",,,,,,,"8,000,000","10,409,000","10,437,000","10,517,000","10,563,000","10,182,000","41,822,000","19,826,000","15,828,000","14,521,000","195,000","188,000","726,000","1,632,000","1,870,000","156,000","194,000","178,000","178,000","178,000","178,000","178,000","173,000","206,000","206,000","2,297,000","19,546,000","18,554,000",,,,,"7,125,000","2,500,000","2,500,000",,,,,,,,,,,,,,,"500,000","1,000,000",,,"2,000,000",,
			CurrentDebt,,,,,"36,523,000","50,000,000","40,000,000","35,000,000","35,000,000","35,000,000","35,000,000","35,000,000","35,000,000","35,000,000","20,000,000",,,,,,,,,"10,000,000",,,,,,,"8,000,000","10,409,000","10,437,000","10,517,000","10,563,000","10,182,000","41,822,000","19,826,000","15,828,000","14,521,000","195,000","188,000","726,000","1,632,000","1,870,000","156,000","194,000","178,000","178,000","178,000","178,000","178,000","173,000","206,000","206,000","2,297,000","19,546,000","18,554,000",,,,,"7,125,000","2,500,000","2,500,000",,,,,,,,,,,,,,,"500,000","1,000,000",,,"2,000,000",,
				CurrentNotesPayable,,,,,,,,,,,,,,,,,,,,,,,,,,,,,,,,,,,,,,,,,,,,,,,,,,,,,,,,,,,,,,,"7,125,000","2,500,000",,,,,,,,,,,,,,,,"500,000","1,000,000",,,,,
				OtherCurrentBorrowings,,,,,"36,523,000","50,000,000","40,000,000","35,000,000","35,000,000","35,000,000","35,000,000","35,000,000","35,000,000","35,000,000",,,,,,,,,,,,,,,,,,,,,,,,,,,,,"726,000","1,632,000","1,870,000",,,,,,,,,,,,,,,,,,,,,,,,,,,,,,,,,,,,,,,,,
			CurrentCapitalLeaseObligation,"4,482,000","4,964,000","5,167,000","5,853,000","6,006,000","6,779,000","5,343,000","5,533,000","5,727,000","5,871,000","5,901,000","5,960,000","6,251,000",,,,,,,,,,,,,,,,,,,,,,,,,,,,,,,,,,,,,,,,,,,,,,,,,,,,,,,,,,,,,,,,,,,,,,,,,
		CurrentDeferredLiabilities,"26,846,000","25,097,000","25,737,000","24,465,000","23,669,000","21,308,000","20,034,000","21,186,000","22,823,000","20,246,000","19,242,000","19,861,000","19,017,000","17,278,000","16,816,000","16,892,000","16,615,000","15,318,000","14,691,000","14,813,000","14,811,000","23,346,000","33,334,000","11,262,000","11,460,000","11,311,000","10,191,000","11,112,000","12,014,000","11,745,000","11,666,000","11,409,000","11,775,000","12,946,000","12,449,000","11,951,000","14,064,000","13,305,000","11,765,000","7,719,000","8,092,000","7,604,000","7,066,000","5,100,000","4,810,000","4,744,000","5,301,000","4,819,000","4,899,000","4,705,000","4,139,000","3,478,000","3,821,000","3,836,000","4,139,000","5,098,000","5,466,000","4,732,000","2,015,000","1,962,000","2,170,000","2,087,000","1,810,000","1,962,000","1,563,000","439,000","317,000","229,000","357,000","279,000","301,000","312,000","326,000","500,000","864,000","315,000","363,000","405,000","452,000","354,000","323,000","312,000","253,000","262,000","349,000","331,000"
			CurrentDeferredTaxesLiabilities,,,,,,,,,,,,,,,,,,,,,,,,,,,,,,,,,,,,,,,,,,,,,,,,,,,,,,,,,,,,,,,,"290,000",,,,,,,,,,,,,,,,,,,,,,
			CurrentDeferredRevenue,"26,846,000","25,097,000","25,737,000","24,465,000","23,669,000","21,308,000","20,034,000","21,186,000","22,823,000","20,246,000","19,242,000","19,861,000","19,017,000","17,073,000","16,816,000","16,892,000","16,615,000","15,157,000","14,691,000","14,813,000","14,811,000","23,346,000","33,334,000","11,262,000","11,460,000","11,311,000","10,191,000","11,112,000","12,014,000","11,745,000","11,666,000","11,409,000","11,775,000","12,946,000","12,449,000","11,951,000","14,064,000","13,305,000","11,765,000","7,719,000","8,092,000","7,604,000","7,066,000","5,100,000","4,810,000","4,744,000","5,301,000","4,819,000","4,899,000","4,705,000","4,139,000","3,478,000","3,821,000","3,836,000","4,139,000","5,098,000","5,466,000","4,732,000","2,015,000","1,962,000","2,170,000","2,087,000","1,810,000","1,672,000","1,563,000","439,000","317,000","229,000","357,000","279,000","301,000","312,000","326,000","500,000","864,000","315,000","363,000","405,000","452,000","354,000","323,000","312,000","253,000","262,000","349,000","331,000"
		OtherCurrentLiabilities,,,,,,,,,,,,,"24,786,000",,,,,,,,,,,,,,,,,,,,,,,,,,,,,,,,,,,,,,,,,,,,,,,,,,,,,,,,,,,,,,,,,,,,,,,"100,000",,
	TotalNonCurrentLiabilitiesNetMinorityInterest,"24,334,000","24,937,000","34,928,000","35,928,000","35,960,000","43,548,000","69,415,000","93,103,000","107,228,000","63,583,000","76,059,000","88,782,000","109,548,000","106,250,000","134,660,000","160,285,000","171,019,000","195,685,000","198,333,000","149,858,000","182,908,000","151,697,000","12,178,000","12,471,000","12,589,000","11,678,000","15,538,000","13,722,000","13,786,000","12,966,000","13,756,000","19,075,000","35,455,000","40,049,000","51,625,000","53,501,000","22,127,000","24,495,000","34,821,000","31,470,000","14,989,000","15,870,000","15,288,000","16,115,000","17,033,000","22,771,000","14,953,000","14,452,000","15,486,000","15,133,000","12,844,000","8,683,000","8,912,000","8,816,000","9,089,000","9,201,000","25,244,000","27,442,000","4,134,000","4,287,000","4,287,000","2,344,000",,"7,251,000","14,812,000","734,000","840,000",,,"-1,000",,,,,,,,,,,,,,"25,919,000","25,572,000","25,226,000"
		LongTermDebtAndCapitalLeaseObligation,"5,755,000","6,797,000","7,370,000","8,061,000","8,181,000","15,245,000","35,055,000","61,985,000","75,925,000","32,315,000","47,730,000","58,896,000","79,756,000","69,474,000","94,426,000","119,379,000","129,331,000","154,283,000","154,235,000","109,498,000","149,889,000","140,000,000",,,,,,,,,,"6,000,000","22,500,000","27,500,000","37,500,000","40,381,000","10,892,000","13,034,000","15,173,000","17,279,000","675,000","710,000","619,000","658,000","687,000","737,000","782,000","842,000","887,000","931,000","976,000","1,021,000","1,071,000","1,082,000","1,333,000","1,441,000","16,064,000","18,262,000",,,,,,"5,250,000","6,875,000",,,,,,,,,,,,,,,,,,,,,
			LongTermDebt,,,,,,"5,840,000","25,697,000","51,761,000","64,713,000","19,665,000","34,618,000","44,570,000","64,522,000","69,474,000","94,426,000","119,379,000","129,331,000","154,283,000","154,235,000","109,498,000","149,889,000","140,000,000",,,,,,,,,,"6,000,000","22,500,000","27,500,000","37,500,000","40,381,000","10,892,000","13,034,000","15,173,000","17,279,000","675,000","710,000","619,000","658,000","687,000","737,000","782,000","842,000","887,000","931,000","976,000","1,021,000","1,071,000","1,082,000","1,333,000","1,441,000","16,064,000","18,262,000",,,,,,"5,250,000","6,875,000",,,,,,,,,,,,,,,,,,,,,
			LongTermCapitalLeaseObligation,"5,755,000","6,797,000","7,370,000","8,061,000","8,181,000","9,405,000","9,358,000","10,224,000","11,212,000","12,650,000","13,112,000","14,326,000","15,234,000",,,,,,,,,,,,,,,,,,,,,,,,,,,,,,,,,,,,,,,,,,,,,,,,,,,,,,,,,,,,,,,,,,,,,,,,,
		NonCurrentDeferredLiabilities,"1,451,000","6,134,000","9,826,000","10,038,000","9,915,000","14,714,000","14,786,000","14,267,000","14,035,000","18,814,000","8,129,000","8,649,000","8,467,000","21,269,000","18,896,000","18,936,000","19,763,000","23,446,000","34,835,000","31,037,000","24,811,000","5,569,000","3,819,000","3,839,000","3,881,000","5,298,000","8,655,000","8,667,000","8,637,000","9,644,000","10,595,000","10,765,000","9,748,000","10,824,000","10,366,000","9,341,000","8,834,000","9,596,000","14,925,000","8,982,000","8,673,000","7,502,000","7,187,000","7,191,000","7,867,000","13,958,000","6,499,000","5,925,000","6,860,000","7,016,000","6,348,000","3,308,000","3,307,000","3,148,000","6,179,000","6,183,000","6,544,000","6,544,000","3,236,000","3,236,000","3,236,000","2,344,000",,"2,001,000","7,937,000","734,000","840,000",,,,,,,,,,,,,,,,,,,
			NonCurrentDeferredTaxesLiabilities,"1,451,000","1,133,000","9,826,000","10,038,000","9,915,000","10,298,000","14,786,000","14,267,000","14,035,000","14,251,000","8,129,000","8,649,000","8,467,000","16,931,000","18,896,000","18,936,000","19,763,000","19,407,000","34,835,000","31,037,000","24,811,000","3,684,000","3,819,000","3,839,000","3,881,000","3,897,000","8,655,000","8,667,000","8,637,000","8,107,000","10,595,000","10,765,000","9,748,000","9,704,000","10,366,000","9,341,000","8,834,000","8,423,000","14,925,000","8,982,000","8,673,000","7,502,000","7,187,000","7,191,000","7,867,000","13,958,000","6,499,000","5,925,000","6,860,000","7,016,000","6,348,000","3,308,000","3,307,000","3,148,000","6,179,000","6,183,000","6,544,000","6,544,000","3,236,000","3,236,000","3,236,000","2,344,000",,"2,001,000","7,937,000","734,000","840,000",,,,,,,,,,,,,,,,,,,
			NonCurrentDeferredRevenue,,"5,001,000",,,,"4,416,000",,,,"4,563,000",,,,"4,338,000",,,,"4,039,000",,,,"1,885,000",,,,"1,401,000",,,,"1,537,000",,,,"1,120,000",,,,"1,173,000",,,,,,,,,,,,,,,,,,,,,,,,,,,,,,,,,,,,,,,,,,,,,,,,
		TradeandOtherPayablesNonCurrent,,"11,862,000",,,,"13,589,000",,,,"12,330,000",,,,"15,425,000",,,,"17,934,000",,,,"6,125,000",,,,"6,376,000",,,,"3,299,000",,,,"1,631,000",,,,"1,865,000",,,,,,,,,,,,,,,,,,,,,,,,,,,,,,,,,,,,,,,,,,,,,,,,
		PreferredSecuritiesOutsideStockEquity,,,,,,,,,,,,,,,,,,,,,,,,,,,,,,,,,,,,,,,,,,,,,,,,,,,,,,,,,,,,,,,,,,,,,,,,,,,,,,,,,,,,"25,919,000","25,572,000","25,226,000"
		OtherNonCurrentLiabilities,"17,128,000","144,000","17,732,000","17,829,000","17,864,000","18,451,000","19,574,000","16,851,000","17,268,000","124,000","20,200,000","21,237,000","21,325,000","82,000","21,338,000","21,970,000","21,925,000","22,000","9,263,000","9,323,000","8,208,000","3,000","8,359,000","8,632,000","8,708,000","4,000","6,883,000","5,055,000","5,149,000","23,000","3,161,000","2,310,000","3,207,000","94,000","3,759,000","3,779,000","2,401,000",,"4,723,000","5,209,000","5,641,000","7,658,000","7,482,000","8,266,000","8,479,000","8,076,000","7,672,000","7,685,000","7,739,000","7,186,000","5,520,000","4,354,000","4,534,000","4,586,000","1,577,000","1,577,000","2,636,000","2,636,000","898,000","1,051,000","1,051,000",,,,,,,,,,,,,,,,,,,,,,,,,
TotalEquityGrossMinorityInterest,"430,894,000","424,750,000","422,522,000","417,827,000","408,932,000","411,094,000","395,467,000","395,473,000","398,153,000","416,123,000","406,158,000","401,557,000","367,701,000","398,444,000","409,959,000","407,534,000","416,830,000","422,097,000","425,019,000","426,491,000","420,411,000","417,374,000","409,385,000","396,217,000","392,352,000","390,710,000","380,761,000","373,766,000","358,565,000","352,715,000","331,825,000","330,412,000","319,817,000","306,318,000","288,712,000","279,358,000","272,932,000","268,752,000","259,855,000","259,265,000","259,677,000","257,728,000","274,994,000","275,128,000","269,655,000","263,255,000","256,143,000","248,906,000","243,365,000","243,156,000","238,306,000","232,619,000","228,243,000","226,494,000","229,071,000","223,644,000","118,039,000","115,718,000","111,790,000","107,412,000","102,880,000","101,026,000","99,284,000","67,636,000","65,842,000","68,965,000","56,798,000","54,861,000","53,973,000","52,729,000","50,873,000","49,145,000","52,128,000","52,632,000","52,044,000","52,971,000","53,834,000","54,687,000","56,265,000","57,745,000","59,283,000","61,029,000","61,817,000","-20,164,000","-19,425,000","-18,283,000"
	StockholdersEquity,"430,894,000","424,750,000","422,522,000","417,827,000","408,932,000","411,094,000","395,467,000","395,473,000","398,153,000","416,123,000","406,158,000","401,557,000","367,701,000","398,444,000","409,959,000","407,534,000","416,830,000","422,097,000","425,019,000","426,491,000","420,411,000","417,374,000","409,385,000","396,217,000","392,352,000","390,710,000","380,761,000","373,766,000","358,565,000","352,715,000","331,825,000","330,412,000","319,817,000","306,318,000","288,712,000","279,358,000","272,932,000","268,752,000","259,855,000","259,265,000","259,677,000","257,728,000","274,994,000","275,128,000","269,655,000","263,255,000","256,143,000","248,906,000","243,365,000","243,156,000","238,306,000","232,619,000","228,243,000","226,494,000","229,071,000","223,644,000","118,039,000","115,718,000","111,790,000","107,412,000","102,880,000","101,026,000","99,284,000","67,636,000","65,842,000","68,965,000","56,798,000","54,861,000","53,973,000","52,729,000","50,873,000","49,145,000","52,128,000","52,632,000","52,044,000","52,971,000","53,834,000","54,687,000","56,265,000","57,745,000","59,283,000","61,029,000","61,817,000","-20,164,000","-19,425,000","-18,283,000"
		CapitalStock,"359,319,000","353,737,000","350,457,000","347,818,000","344,696,000","342,828,000","339,665,000","337,338,000","334,296,000","344,476,000","341,083,000","338,735,000","335,348,000","334,215,000","331,607,000","321,295,000","314,760,000","316,577,000","316,503,000","314,629,000","312,085,000","312,986,000","311,058,000","311,626,000","316,189,000","323,745,000","318,414,000","321,710,000","317,629,000","315,296,000","305,733,000","306,127,000","302,109,000","292,055,000","284,288,000","281,867,000","278,463,000","275,395,000","272,577,000","270,193,000","268,679,000","267,499,000","266,066,000","263,681,000","260,797,000","258,872,000","256,994,000","255,489,000","251,689,000","250,374,000","249,097,000","247,675,000","246,299,000","245,476,000","244,138,000","240,974,000","139,226,000","137,837,000","136,916,000","136,070,000","134,577,000","133,071,000","131,720,000","101,905,000","101,341,000","99,634,000","90,136,000","89,944,000","89,541,000","89,373,000","89,167,000","87,839,000","87,143,000","87,038,000","86,907,000","86,949,000","86,710,000","86,593,000","86,340,000","86,366,000","86,029,000","86,007,000","85,847,000","3,346,000","2,915,000","2,902,000"
			PreferredStock,"0","0","0","0","0","0","0","0","0","0","0","0","0","0","0",,,"0","0","0","0","0","0",,,,"0","0",,,,,,,,,,,,,,,,,,,,,,,,,,,,,,,,,,,,,,,,,,,,,,,,,,,,,,,,,,
			CommonStock,"359,319,000","353,737,000","350,457,000","347,818,000","344,696,000","342,828,000","339,665,000","337,338,000","334,296,000","344,476,000","341,083,000","338,735,000","335,348,000","334,215,000","331,607,000","321,295,000","314,760,000","316,577,000","316,503,000","314,629,000","312,085,000","312,986,000","311,058,000","311,626,000","316,189,000","323,745,000","318,414,000","321,710,000","317,629,000","315,296,000","305,733,000","306,127,000","302,109,000","292,055,000","284,288,000","281,867,000","278,463,000","275,395,000","272,577,000","270,193,000","268,679,000","267,499,000","266,066,000","263,681,000","260,797,000","258,872,000","256,994,000","255,489,000","251,689,000","250,374,000","249,097,000","247,675,000","246,299,000","245,476,000","244,138,000","240,974,000","139,226,000","137,837,000","136,916,000","136,070,000","134,577,000","133,071,000","131,720,000","101,905,000","101,341,000","99,634,000","90,136,000","89,944,000","89,541,000","89,373,000","89,167,000","87,839,000","87,143,000","87,038,000","86,907,000","86,949,000","86,710,000","86,593,000","86,340,000","86,366,000","86,029,000","86,007,000","85,847,000","3,346,000","2,915,000","2,902,000"
		RetainedEarnings,"86,389,000","84,486,000","82,742,000","77,169,000","73,705,000","71,309,000","66,106,000","75,422,000","84,325,000","87,922,000","86,241,000","77,780,000","73,592,000","102,261,000","113,895,000","119,470,000","122,048,000","129,115,000","136,210,000","144,722,000","149,756,000","149,408,000","139,176,000","125,865,000","115,352,000","106,814,000","98,270,000","87,337,000","77,486,000","68,890,000","56,293,000","48,508,000","40,767,000","34,516,000","25,387,000","19,101,000","15,081,000","11,638,000","6,032,000","7,973,000","7,528,000","7,170,000","23,676,000","23,524,000","21,161,000","18,057,000","12,282,000","8,539,000","5,435,000","5,737,000","1,449,000","-2,219,000","-4,555,000","-5,342,000","-11,628,000","-16,421,000","-20,188,000","-22,815,000","-25,593,000","-28,750,000","-31,075,000","-31,677,000","-32,189,000","-34,058,000","-35,429,000","-30,750,000","-33,213,000","-34,728,000","-35,992,000","-36,902,000","-38,420,000","-38,567,000","-34,942,000","-34,495,000","-34,832,000","-33,862,000","-32,668,000","-31,751,000","-29,681,000","-28,080,000","-26,086,000","-24,299,000","-23,005,000","-22,241,000","-21,123,000","-19,653,000"
		TreasuryStock,,,,,,,,,,,,,,,,,,,,,,,,,,,,,,,,,,,,,,,,,,,,,,,,,,,,,,,,,,,,,,,,,,,,,,,,"307,000","307,000",,,,,,,,,,,,,
		GainsLossesNotAffectingRetainedEarnings,"-14,814,000","-13,473,000","-10,677,000","-7,160,000","-9,469,000","-3,043,000","-10,304,000","-17,287,000","-20,468,000","-16,275,000","-21,166,000","-14,958,000","-41,239,000","-38,032,000","-35,543,000","-33,231,000","-19,978,000","-23,595,000","-27,694,000","-32,860,000","-41,430,000","-45,020,000","-40,849,000","-41,274,000","-39,189,000","-39,849,000","-35,923,000","-35,281,000","-36,550,000","-31,471,000","-30,201,000","-24,223,000","-23,059,000","-20,253,000","-20,963,000","-21,610,000","-20,612,000","-18,281,000","-18,754,000","-18,901,000","-16,530,000","-16,941,000","-14,748,000","-12,077,000","-12,303,000","-13,674,000","-13,133,000","-15,122,000","-13,759,000","-12,955,000","-12,240,000","-12,837,000","-13,501,000","-13,640,000","-3,438,000","-909,000","-999,000","696,000","467,000","92,000","-622,000","-368,000","-247,000","-211,000","-70,000","81,000","-125,000","-355,000","424,000","257,000","126,000","180,000","234,000","89,000","-31,000","-115,000","-208,000","-155,000","-394,000","-541,000","-660,000","-679,000","-1,025,000","-1,269,000","-1,217,000","-1,532,000"
		OtherEquityInterest,,,,,,,,,,,,,,,,,,,,,,,,,,,,,,,,,,,,,,,,,,,,,,,,,,,,,,,"-1,000",,,,,,,,,,,,,,,"1,000",,,,,,"-1,000",,,,,,,,,,
TotalCapitalization,"430,894,000","424,750,000","422,522,000","417,827,000","408,932,000","416,934,000","421,164,000","447,234,000","462,866,000","435,788,000","440,776,000","446,127,000","432,223,000","467,918,000","504,385,000","526,913,000","546,161,000","576,380,000","579,254,000","535,989,000","570,300,000","557,374,000","409,385,000","396,217,000","392,352,000","390,710,000","380,761,000","373,766,000","358,565,000","352,715,000","331,825,000","336,412,000","342,317,000","333,818,000","326,212,000","319,739,000","283,824,000","281,786,000","275,028,000","276,544,000","260,352,000","258,438,000","275,613,000","275,786,000","270,342,000","263,992,000","256,925,000","249,748,000","244,252,000","244,087,000","239,282,000","233,640,000","229,314,000","227,576,000","230,404,000","225,085,000","134,103,000","133,980,000","111,790,000","107,412,000","102,880,000","101,026,000","99,284,000","72,886,000","72,717,000","68,965,000","56,798,000","54,861,000","53,973,000","52,729,000","50,873,000","49,145,000","52,128,000","52,632,000","52,044,000","52,971,000","53,834,000","54,687,000","56,265,000","57,745,000","59,283,000","61,029,000","61,817,000","-20,164,000","-19,425,000","-18,283,000"
CommonStockEquity,"430,894,000","424,750,000","422,522,000","417,827,000","408,932,000","411,094,000","395,467,000","395,473,000","398,153,000","416,123,000","406,158,000","401,557,000","367,701,000","398,444,000","409,959,000","407,534,000","416,830,000","422,097,000","425,019,000","426,491,000","420,411,000","417,374,000","409,385,000","396,217,000","392,352,000","390,710,000","380,761,000","373,766,000","358,565,000","352,715,000","331,825,000","330,412,000","319,817,000","306,318,000","288,712,000","279,358,000","272,932,000","268,752,000","259,855,000","259,265,000","259,677,000","257,728,000","274,994,000","275,128,000","269,655,000","263,255,000","256,143,000","248,906,000","243,365,000","243,156,000","238,306,000","232,619,000","228,243,000","226,494,000","229,071,000","223,644,000","118,039,000","115,718,000","111,790,000","107,412,000","102,880,000","101,026,000","99,284,000","67,636,000","65,842,000","68,965,000","56,798,000","54,861,000","53,973,000","52,729,000","50,873,000","49,145,000","52,128,000","52,632,000","52,044,000","52,971,000","53,834,000","54,687,000","56,265,000","57,745,000","59,283,000","61,029,000","61,817,000","-20,164,000","-19,425,000","-18,283,000"
CapitalLeaseObligations,"10,237,000","11,761,000","12,537,000","13,914,000","14,187,000","16,184,000","14,701,000","15,757,000","16,939,000","18,521,000","19,013,000","20,286,000","21,485,000",,,,,,,,,,,,,,,,,,,,,,,,,,,,,,,,,,,,,,,,,,,,,,,,,,,,,,,,,,,,,,,,,,,,,,,,,
NetTangibleAssets,"222,775,000","210,580,000","199,627,000","187,291,000","174,170,000","167,054,000","153,721,000","145,572,000","144,779,000","154,957,000","141,006,000","126,832,000","88,106,000","111,347,000","91,341,000","81,425,000","76,044,000","76,517,000","103,565,000","105,667,000","103,772,000","227,097,000","214,692,000","204,044,000","195,939,000","196,708,000","185,173,000","174,981,000","159,807,000","163,638,000","139,202,000","130,952,000","120,747,000","110,260,000","89,013,000","78,814,000","70,681,000","80,110,000","64,299,000","113,149,000","110,404,000","106,942,000","102,109,000","110,584,000","103,915,000","97,008,000","98,386,000","90,045,000","82,647,000","80,754,000","77,593,000","115,862,000","110,682,000","107,907,000","113,648,000","110,571,000","11,710,000","6,580,000","48,186,000","44,484,000","39,670,000","37,939,000","46,781,000","17,088,000","9,728,000","58,955,000","47,119,000","45,848,000","44,777,000","43,362,000","41,758,000","44,503,000","47,388,000","47,840,000","52,044,000","52,971,000","53,834,000","54,687,000","56,265,000","57,745,000","59,283,000","61,029,000","61,817,000","-20,164,000","-19,425,000","-18,283,000"
WorkingCapital,"173,913,000","162,690,000","157,870,000","143,236,000","129,343,000","125,950,000","134,510,000","146,526,000","160,625,000","126,928,000","127,972,000","127,579,000","112,668,000","152,329,000","177,556,000","190,914,000","195,864,000","213,491,000","260,065,000","200,747,000","230,935,000","325,858,000","176,813,000","168,527,000","160,560,000","164,248,000","173,940,000","161,991,000","146,850,000","148,665,000","123,943,000","119,634,000","124,231,000","116,690,000","107,176,000","98,028,000","57,133,000","70,265,000","62,641,000","110,868,000","92,509,000","90,516,000","87,200,000","97,187,000","92,226,000","83,922,000","90,958,000","83,162,000","76,615,000","74,968,000","73,696,000","110,555,000","105,504,000","102,336,000","107,191,000","104,455,000","22,446,000","19,163,000","43,747,000","40,043,000","35,439,000","30,803,000","37,990,000","14,261,000","15,029,000","57,495,000","45,637,000","43,468,000","42,231,000","40,826,000","39,178,000","42,101,000","44,029,000","44,720,000","44,390,000","49,560,000","50,315,000","50,883,000","52,465,000","54,471,000","56,011,000","58,642,000","59,629,000","1,931,000","2,715,000","4,065,000"
InvestedCapital,"430,894,000","424,750,000","422,522,000","417,827,000","445,455,000","466,934,000","461,164,000","482,234,000","497,866,000","470,788,000","475,776,000","481,127,000","467,223,000","502,918,000","524,385,000","526,913,000","546,161,000","576,380,000","579,254,000","535,989,000","570,300,000","557,374,000","409,385,000","406,217,000","392,352,000","390,710,000","380,761,000","373,766,000","358,565,000","352,715,000","339,825,000","346,821,000","352,754,000","344,335,000","336,775,000","329,921,000","325,646,000","301,612,000","290,856,000","291,065,000","260,547,000","258,626,000","276,339,000","277,418,000","272,212,000","264,148,000","257,119,000","249,926,000","244,430,000","244,265,000","239,460,000","233,818,000","229,487,000","227,782,000","230,610,000","227,382,000","153,649,000","152,534,000","111,790,000","107,412,000","102,880,000","101,026,000","106,409,000","75,386,000","75,217,000","68,965,000","56,798,000","54,861,000","53,973,000","52,729,000","50,873,000","49,145,000","52,128,000","52,632,000","52,044,000","52,971,000","53,834,000","54,687,000","56,265,000","58,245,000","60,283,000","61,029,000","61,817,000","-18,164,000","-19,425,000","-18,283,000"
TangibleBookValue,"222,775,000","210,580,000","199,627,000","187,291,000","174,170,000","167,054,000","153,721,000","145,572,000","144,779,000","154,957,000","141,006,000","126,832,000","88,106,000","111,347,000","91,341,000","81,425,000","76,044,000","76,517,000","103,565,000","105,667,000","103,772,000","227,097,000","214,692,000","204,044,000","195,939,000","196,708,000","185,173,000","174,981,000","159,807,000","163,638,000","139,202,000","130,952,000","120,747,000","110,260,000","89,013,000","78,814,000","70,681,000","80,110,000","64,299,000","113,149,000","110,404,000","106,942,000","102,109,000","110,584,000","103,915,000","97,008,000","98,386,000","90,045,000","82,647,000","80,754,000","77,593,000","115,862,000","110,682,000","107,907,000","113,648,000","110,571,000","11,710,000","6,580,000","48,186,000","44,484,000","39,670,000","37,939,000","46,781,000","17,088,000","9,728,000","58,955,000","47,119,000","45,848,000","44,777,000","43,362,000","41,758,000","44,503,000","47,388,000","47,840,000","52,044,000","52,971,000","53,834,000","54,687,000","56,265,000","57,745,000","59,283,000","61,029,000","61,817,000","-20,164,000","-19,425,000","-18,283,000"
TotalDebt,"10,237,000","11,761,000","12,537,000","13,914,000","50,710,000","72,024,000","80,398,000","102,518,000","116,652,000","73,186,000","88,631,000","99,856,000","121,007,000","104,474,000","114,426,000","119,379,000","129,331,000","154,283,000","154,235,000","109,498,000","149,889,000","140,000,000",,"10,000,000",,,,,,,"8,000,000","16,409,000","32,937,000","38,017,000","48,063,000","50,563,000","52,714,000","32,860,000","31,001,000","31,800,000","870,000","898,000","1,345,000","2,290,000","2,557,000","893,000","976,000","1,020,000","1,065,000","1,109,000","1,154,000","1,199,000","1,244,000","1,288,000","1,539,000","3,738,000","35,610,000","36,816,000",,,,,"7,125,000","7,750,000","9,375,000",,,,,,,,,,,,,,,"500,000","1,000,000",,,"2,000,000",,
NetDebt,,,,,,"55,840,000","65,697,000","1,883,000","99,713,000","54,665,000","6,556,000","27,561,000","46,099,000","48,101,000","59,986,000","64,471,000","64,860,000","65,333,000","21,830,000","29,195,000","46,111,000",,,,,,,,,,,,,,"3,871,000","21,653,000","28,360,000","9,803,000","11,501,000","14,843,000",,,,,,,,,,,,,,,,,"23,010,000","24,900,000",,,,,,,,,,,,,,,,,,,,,,,,,,"787,000",,
ShareIssued,"34,576,100","34,225,682","34,152,623","34,132,106","34,096,895","33,911,703","33,870,387","33,871,723","33,802,133","34,148,700","34,090,301","34,040,230","33,955,077","33,804,379","33,755,514","33,590,337","33,271,530","33,134,101","33,149,737","33,149,439","33,078,512","32,920,246","32,888,068","32,942,199","33,092,026","33,153,500","32,955,830","33,084,167","32,902,483","32,649,158","32,210,169","32,265,997","32,102,547","31,401,602","30,880,758","30,751,056","30,339,098","30,106,933","29,921,403","29,848,174","29,446,092","29,439,272","29,389,011","29,310,586","29,001,654","28,922,667","28,839,998","28,826,248","28,403,051","28,380,967","28,327,866","28,323,029","27,981,406","27,979,003","27,961,319","27,772,648","21,958,804","21,923,509","21,681,494","21,640,090","21,573,847","21,391,091","21,274,917","18,615,540","18,570,933","17,944,175","17,309,099","17,261,048","17,171,812","17,140,339","17,083,007","16,752,117","16,648,000","16,511,874","16,456,574","16,450,434","16,337,569","16,267,700","16,096,804","16,079,894","15,930,986","15,864,670","15,751,453","15,677,854","15,677,854","15,677,854"
OrdinarySharesNumber,"34,576,100","34,225,682","34,152,623","34,132,106","34,096,895","33,911,703","33,870,387","33,871,723","33,802,133","34,148,700","34,090,301","34,040,230","33,955,077","33,804,379","33,755,514","33,590,337","33,271,530","33,134,101","33,149,737","33,149,439","33,078,512","32,920,246","32,888,068","32,942,199","33,092,026","33,153,500","32,955,830","33,084,167","32,902,483","32,649,158","32,210,169","32,265,997","32,102,547","31,401,602","30,880,758","30,751,056","30,339,098","30,106,933","29,921,403","29,848,174","29,446,092","29,439,272","29,389,011","29,310,586","29,001,654","28,922,667","28,839,998","28,826,248","28,403,051","28,380,967","28,327,866","28,323,029","27,981,406","27,979,003","27,961,319","27,772,648","21,958,804","21,923,509","21,681,494","21,640,090","21,573,847","21,391,091","21,274,917","18,615,540","18,570,933","17,944,175","17,309,099","17,261,048","17,171,812","17,140,339","17,083,007","16,752,117","16,648,000","16,511,874","16,456,574","16,450,434","16,337,569","16,267,700","16,096,804","16,079,894","15,930,986","15,864,670","15,751,453","15,677,854","15,677,854","15,677,854"